Workbook

Sheet cálculo
A2: PALPITE | B2: OFICIAL | C2: Leo Picca | D2: Leo Raposo | E2: Serginho | F2: Biel | G2: Rafinha | H2: Ranieri | I2: Nanel | J2: Marcel | K2: Dan | L2: Celsinho | M2: Enrico | N2: Gui Giron | O2: Scarpa | P2: Victor | Q2: Faber | R2: Felippe Leite | S2: Muca | T2: Feijão | U2: Ivan | V2: Michel | W2: Deco | X2: ="Ptos "&C2 -> Ptos Leo Picca | Y2: ="Ptos "&D2 -> Ptos Leo Raposo | Z2: ="Ptos "&E2 -> Ptos Serginho | AA2: ="Ptos "&F2 -> Ptos Biel | AB2: ="Ptos "&G2 -> Ptos Rafinha | AC2: ="Ptos "&H2 -> Ptos Ranieri | AD2: ="Ptos "&I2 -> Ptos Nanel | AE2: ="Ptos "&J2 -> Ptos Marcel | ... AR2: ="Ptos "&W2 -> Ptos Deco
C3: =SUM(X6:X166) -> 83.1 | D3: =SUM(Y6:Y166) -> 95 | E3: =SUM(Z6:Z166) -> 102.6 | F3: =SUM(AA6:AA166) -> 93.55 | G3: =SUM(AB6:AB166) -> 95 | H3: =SUM(AC6:AC166) -> 91 | I3: =SUM(AD6:AD166) -> 92.5 | J3: =SUM(AE6:AE166) -> 93 | ... W3: =SUM(AR6:AR166) -> 86.75
A4: ='1a FASE'!A5 -> ARTILHEIRO | B4: ='1a FASE'!B5 | C4: ='1a FASE'!C5 -> Kylian Mbappé | D4: ='1a FASE'!D5 -> Mohamed Salah | E4: ='1a FASE'!E5 -> João Pedro | F4: ='1a FASE'!F5 -> Ekitike | G4: ='1a FASE'!G5 -> Raphinha | H4: ='1a FASE'!H5 -> Robert Lewandowski | ... W4: ='1a FASE'!W5 -> Kylian Mbappé | X4: =+IF(C4=$B116,Pesos!$L$4,0)*IF(COUNTIF($C116:$W116,C4)=1,2,1)+IF(C4=$B4,Pesos!$L$4,0)*IF(COUNTIF($C116:$W116,C4)=1,2,1) -> 0 | Y4: =+IF(D4=$B116,Pesos!$L$4,0)*IF(COUNTIF($C116:$W116,D4)=1,2,1)+IF(D4=$B4,Pesos!$L$4,0)*IF(COUNTIF($C116:$W116,D4)=1,2,1) -> 0 | Z4: =+IF(E4=$B116,Pesos!$L$4,0)*IF(COUNTIF($C116:$W116,E4)=1,2,1)+IF(E4=$B4,Pesos!$L$4,0)*IF(COUNTIF($C116:$W116,E4)=1,2,1) -> 0 | AA4: =+IF(F4=$B116,Pesos!$L$4,0)*IF(COUNTIF($C116:$W116,F4)=1,2,1)+IF(F4=$B4,Pesos!$L$4,0)*IF(COUNTIF($C116:$W116,F4)=1,2,1) -> 0 | AB4: =+IF(G4=$B116,Pesos!$L$4,0)*IF(COUNTIF($C116:$W116,G4)=1,2,1)+IF(G4=$B4,Pesos!$L$4,0)*IF(COUNTIF($C116:$W116,G4)=1,2,1) -> 0 | AC4: =+IF(H4=$B116,Pesos!$L$4,0)*IF(COUNTIF($C116:$W116,H4)=1,2,1)+IF(H4=$B4,Pesos!$L$4,0)*IF(COUNTIF($C116:$W116,H4)=1,2,1) -> 0 | AD4: =+IF(I4=$B116,Pesos!$L$4,0)*IF(COUNTIF($C116:$W116,I4)=1,2,1)+IF(I4=$B4,Pesos!$L$4,0)*IF(COUNTIF($C116:$W116,I4)=1,2,1) -> 0 | AE4: =+IF(J4=$B116,Pesos!$L$4,0)*IF(COUNTIF($C116:$W116,J4)=1,2,1)+IF(J4=$B4,Pesos!$L$4,0)*IF(COUNTIF($C116:$W116,J4)=1,2,1) -> 0 | ... AR4: =+IF(W4=$B116,Pesos!$L$4,0)*IF(COUNTIF($C116:$W116,W4)=1,2,1)+IF(W4=$B4,Pesos!$L$4,0)*IF(COUNTIF($C116:$W116,W4)=1,2,1) -> 0
A5: GARÇOM | B5: ='1a FASE'!B6 | C5: ='1a FASE'!C6 -> Phil Foden | D5: ='1a FASE'!D6 -> Mohamed Salah | E5: ='1a FASE'!E6 -> Lamine Yamal | F5: ='1a FASE'!F6 -> Raphinha | G5: ='1a FASE'!G6 -> Lamine Yamal | H5: ='1a FASE'!H6 -> Lamine Yamal | I5: ='1a FASE'!I6 -> Lamine Yamal | ... W5: ='1a FASE'!W6 -> Vinícius Jr. | X5: =+IF(C5=$B116,Pesos!$L$4,0)*IF(COUNTIF($C116:$W116,C5)=1,2,1)+IF(C5=$B5,Pesos!$L$4,0)*IF(COUNTIF($C116:$W116,C5)=1,2,1) -> 0 | Y5: =+IF(D5=$B116,Pesos!$L$4,0)*IF(COUNTIF($C116:$W116,D5)=1,2,1)+IF(D5=$B5,Pesos!$L$4,0)*IF(COUNTIF($C116:$W116,D5)=1,2,1) -> 0 | Z5: =+IF(E5=$B116,Pesos!$L$4,0)*IF(COUNTIF($C116:$W116,E5)=1,2,1)+IF(E5=$B5,Pesos!$L$4,0)*IF(COUNTIF($C116:$W116,E5)=1,2,1) -> 0 | AA5: =+IF(F5=$B116,Pesos!$L$4,0)*IF(COUNTIF($C116:$W116,F5)=1,2,1)+IF(F5=$B5,Pesos!$L$4,0)*IF(COUNTIF($C116:$W116,F5)=1,2,1) -> 0 | AB5: =+IF(G5=$B116,Pesos!$L$4,0)*IF(COUNTIF($C116:$W116,G5)=1,2,1)+IF(G5=$B5,Pesos!$L$4,0)*IF(COUNTIF($C116:$W116,G5)=1,2,1) -> 0 | AC5: =+IF(H5=$B116,Pesos!$L$4,0)*IF(COUNTIF($C116:$W116,H5)=1,2,1)+IF(H5=$B5,Pesos!$L$4,0)*IF(COUNTIF($C116:$W116,H5)=1,2,1) -> 0 | AD5: =+IF(I5=$B116,Pesos!$L$4,0)*IF(COUNTIF($C116:$W116,I5)=1,2,1)+IF(I5=$B5,Pesos!$L$4,0)*IF(COUNTIF($C116:$W116,I5)=1,2,1) -> 0 | AE5: =+IF(J5=$B116,Pesos!$L$4,0)*IF(COUNTIF($C116:$W116,J5)=1,2,1)+IF(J5=$B5,Pesos!$L$4,0)*IF(COUNTIF($C116:$W116,J5)=1,2,1) -> 0 | ... AR5: =+IF(W5=$B116,Pesos!$L$4,0)*IF(COUNTIF($C116:$W116,W5)=1,2,1)+IF(W5=$B5,Pesos!$L$4,0)*IF(COUNTIF($C116:$W116,W5)=1,2,1) -> 0
A6: ='1a FASE'!A7 -> TIME FAVORITO | B6: ='1a FASE'!B7 | C6: ='1a FASE'!C7 -> Real Madrid | D6: ='1a FASE'!D7 -> Barcelona | E6: ='1a FASE'!E7 -> Barcelona | F6: ='1a FASE'!F7 -> Liverpool | G6: ='1a FASE'!G7 -> Barcelona | H6: ='1a FASE'!H7 -> Barcelona | ... W6: ='1a FASE'!W7 -> Barcelona | X6: =IF(COUNTIF($B$151:$B$158,C6)=1,Pesos!$K$22,0) -> 0 | Y6: =IF(COUNTIF($B$151:$B$158,D6)=1,Pesos!$K$22,0) -> 2 | Z6: =IF(COUNTIF($B$151:$B$158,E6)=1,Pesos!$K$22,0) -> 2 | AA6: =IF(COUNTIF($B$151:$B$158,F6)=1,Pesos!$K$22,0) -> 2 | AB6: =IF(COUNTIF($B$151:$B$158,G6)=1,Pesos!$K$22,0) -> 2 | AC6: =IF(COUNTIF($B$151:$B$158,H6)=1,Pesos!$K$22,0) -> 2 | AD6: =IF(COUNTIF($B$151:$B$158,I6)=1,Pesos!$K$22,0) -> 2 | AE6: =IF(COUNTIF($B$151:$B$158,J6)=1,Pesos!$K$22,0) -> 0 | ... AR6: =IF(COUNTIF($B$151:$B$158,W6)=1,Pesos!$K$22,0) -> 2
A7: ='1a FASE'!A8 -> Machtday 1 | B7: ='1a FASE'!B8 -> Union Saint-Gilloise | C7: ='1a FASE'!C8 -> PSV Eindhoven | D7: ='1a FASE'!D8 -> PSV Eindhoven | E7: ='1a FASE'!E8 -> PSV Eindhoven | F7: ='1a FASE'!F8 -> PSV Eindhoven | G7: ='1a FASE'!G8 -> PSV Eindhoven | H7: ='1a FASE'!H8 -> PSV Eindhoven | ... W7: ='1a FASE'!W8 -> PSV Eindhoven | X7: =+IF(C7=$B7,Pesos!$L$3,0)*IF(COUNTIF($C7:$W7,C7)=1,2,1) -> 0 | Y7: =+IF(D7=$B7,Pesos!$L$3,0)*IF(COUNTIF($C7:$W7,D7)=1,2,1) -> 0 | Z7: =+IF(E7=$B7,Pesos!$L$3,0)*IF(COUNTIF($C7:$W7,E7)=1,2,1) -> 0 | AA7: =+IF(F7=$B7,Pesos!$L$3,0)*IF(COUNTIF($C7:$W7,F7)=1,2,1) -> 0 | AB7: =+IF(G7=$B7,Pesos!$L$3,0)*IF(COUNTIF($C7:$W7,G7)=1,2,1) -> 0 | AC7: =+IF(H7=$B7,Pesos!$L$3,0)*IF(COUNTIF($C7:$W7,H7)=1,2,1) -> 0 | AD7: =+IF(I7=$B7,Pesos!$L$3,0)*IF(COUNTIF($C7:$W7,I7)=1,2,1) -> 0 | AE7: =+IF(J7=$B7,Pesos!$L$3,0)*IF(COUNTIF($C7:$W7,J7)=1,2,1) -> 0 | ... AR7: =+IF(W7=$B7,Pesos!$L$3,0)*IF(COUNTIF($C7:$W7,W7)=1,2,1) -> 0
A8: ='1a FASE'!A9 -> Machtday 1 | B8: ='1a FASE'!B9 -> Arsenal | C8: ='1a FASE'!C9 -> Arsenal | D8: ='1a FASE'!D9 -> Arsenal | E8: ='1a FASE'!E9 -> Arsenal | F8: ='1a FASE'!F9 -> Arsenal | G8: ='1a FASE'!G9 -> Arsenal | H8: ='1a FASE'!H9 -> Arsenal | ... W8: ='1a FASE'!W9 -> Arsenal | X8: =+IF(C8=$B8,Pesos!$L$3,0)*IF(COUNTIF($C8:$W8,C8)=1,2,1) -> 0.85 | Y8: =+IF(D8=$B8,Pesos!$L$3,0)*IF(COUNTIF($C8:$W8,D8)=1,2,1) -> 0.85 | Z8: =+IF(E8=$B8,Pesos!$L$3,0)*IF(COUNTIF($C8:$W8,E8)=1,2,1) -> 0.85 | AA8: =+IF(F8=$B8,Pesos!$L$3,0)*IF(COUNTIF($C8:$W8,F8)=1,2,1) -> 0.85 | AB8: =+IF(G8=$B8,Pesos!$L$3,0)*IF(COUNTIF($C8:$W8,G8)=1,2,1) -> 0.85 | AC8: =+IF(H8=$B8,Pesos!$L$3,0)*IF(COUNTIF($C8:$W8,H8)=1,2,1) -> 0.85 | AD8: =+IF(I8=$B8,Pesos!$L$3,0)*IF(COUNTIF($C8:$W8,I8)=1,2,1) -> 0.85 | AE8: =+IF(J8=$B8,Pesos!$L$3,0)*IF(COUNTIF($C8:$W8,J8)=1,2,1) -> 0.85 | ... AR8: =+IF(W8=$B8,Pesos!$L$3,0)*IF(COUNTIF($C8:$W8,W8)=1,2,1) -> 0.85
A9: ='1a FASE'!A10 -> Machtday 1 | B9: ='1a FASE'!B10 -> Real Madrid | C9: ='1a FASE'!C10 -> Real Madrid | D9: ='1a FASE'!D10 -> Real Madrid | E9: ='1a FASE'!E10 -> Real Madrid | F9: ='1a FASE'!F10 -> Real Madrid | G9: ='1a FASE'!G10 -> Real Madrid | H9: ='1a FASE'!H10 -> Real Madrid | ... W9: ='1a FASE'!W10 -> Real Madrid | X9: =+IF(C9=$B9,Pesos!$L$3,0)*IF(COUNTIF($C9:$W9,C9)=1,2,1) -> 0.85 | Y9: =+IF(D9=$B9,Pesos!$L$3,0)*IF(COUNTIF($C9:$W9,D9)=1,2,1) -> 0.85 | Z9: =+IF(E9=$B9,Pesos!$L$3,0)*IF(COUNTIF($C9:$W9,E9)=1,2,1) -> 0.85 | AA9: =+IF(F9=$B9,Pesos!$L$3,0)*IF(COUNTIF($C9:$W9,F9)=1,2,1) -> 0.85 | AB9: =+IF(G9=$B9,Pesos!$L$3,0)*IF(COUNTIF($C9:$W9,G9)=1,2,1) -> 0.85 | AC9: =+IF(H9=$B9,Pesos!$L$3,0)*IF(COUNTIF($C9:$W9,H9)=1,2,1) -> 0.85 | AD9: =+IF(I9=$B9,Pesos!$L$3,0)*IF(COUNTIF($C9:$W9,I9)=1,2,1) -> 0.85 | AE9: =+IF(J9=$B9,Pesos!$L$3,0)*IF(COUNTIF($C9:$W9,J9)=1,2,1) -> 0.85 | ... AR9: =+IF(W9=$B9,Pesos!$L$3,0)*IF(COUNTIF($C9:$W9,W9)=1,2,1) -> 0.85
A10: ='1a FASE'!A11 -> Machtday 1 | B10: ='1a FASE'!B11 -> Qarabag | C10: ='1a FASE'!C11 -> Benfica | D10: ='1a FASE'!D11 -> Benfica | E10: ='1a FASE'!E11 -> Benfica | F10: ='1a FASE'!F11 -> Benfica | G10: ='1a FASE'!G11 -> Benfica | H10: ='1a FASE'!H11 -> Benfica | ... W10: ='1a FASE'!W11 -> Benfica | X10: =+IF(C10=$B10,Pesos!$L$3,0)*IF(COUNTIF($C10:$W10,C10)=1,2,1) -> 0 | Y10: =+IF(D10=$B10,Pesos!$L$3,0)*IF(COUNTIF($C10:$W10,D10)=1,2,1) -> 0 | Z10: =+IF(E10=$B10,Pesos!$L$3,0)*IF(COUNTIF($C10:$W10,E10)=1,2,1) -> 0 | AA10: =+IF(F10=$B10,Pesos!$L$3,0)*IF(COUNTIF($C10:$W10,F10)=1,2,1) -> 0 | AB10: =+IF(G10=$B10,Pesos!$L$3,0)*IF(COUNTIF($C10:$W10,G10)=1,2,1) -> 0 | AC10: =+IF(H10=$B10,Pesos!$L$3,0)*IF(COUNTIF($C10:$W10,H10)=1,2,1) -> 0 | AD10: =+IF(I10=$B10,Pesos!$L$3,0)*IF(COUNTIF($C10:$W10,I10)=1,2,1) -> 0 | AE10: =+IF(J10=$B10,Pesos!$L$3,0)*IF(COUNTIF($C10:$W10,J10)=1,2,1) -> 0 | ... AR10: =+IF(W10=$B10,Pesos!$L$3,0)*IF(COUNTIF($C10:$W10,W10)=1,2,1) -> 0
A11: ='1a FASE'!A12 -> Machtday 1 | B11: ='1a FASE'!B12 -> Empate | C11: ='1a FASE'!C12 -> Juventus | D11: ='1a FASE'!D12 -> Juventus | E11: ='1a FASE'!E12 -> Borussia Dortmund | F11: ='1a FASE'!F12 -> Juventus | G11: ='1a FASE'!G12 -> Juventus | H11: ='1a FASE'!H12 -> Juventus | ... W11: ='1a FASE'!W12 -> Empate | X11: =+IF(C11=$B11,Pesos!$L$3,0)*IF(COUNTIF($C11:$W11,C11)=1,2,1) -> 0 | Y11: =+IF(D11=$B11,Pesos!$L$3,0)*IF(COUNTIF($C11:$W11,D11)=1,2,1) -> 0 | Z11: =+IF(E11=$B11,Pesos!$L$3,0)*IF(COUNTIF($C11:$W11,E11)=1,2,1) -> 0 | AA11: =+IF(F11=$B11,Pesos!$L$3,0)*IF(COUNTIF($C11:$W11,F11)=1,2,1) -> 0 | AB11: =+IF(G11=$B11,Pesos!$L$3,0)*IF(COUNTIF($C11:$W11,G11)=1,2,1) -> 0 | AC11: =+IF(H11=$B11,Pesos!$L$3,0)*IF(COUNTIF($C11:$W11,H11)=1,2,1) -> 0 | AD11: =+IF(I11=$B11,Pesos!$L$3,0)*IF(COUNTIF($C11:$W11,I11)=1,2,1) -> 0 | AE11: =+IF(J11=$B11,Pesos!$L$3,0)*IF(COUNTIF($C11:$W11,J11)=1,2,1) -> 0 | ... AR11: =+IF(W11=$B11,Pesos!$L$3,0)*IF(COUNTIF($C11:$W11,W11)=1,2,1) -> 0.85
A12: ='1a FASE'!A13 -> Machtday 1 | B12: ='1a FASE'!B13 -> Tottenham | C12: ='1a FASE'!C13 -> Tottenham | D12: ='1a FASE'!D13 -> Tottenham | E12: ='1a FASE'!E13 -> Tottenham | F12: ='1a FASE'!F13 -> Tottenham | G12: ='1a FASE'!G13 -> Tottenham | H12: ='1a FASE'!H13 -> Tottenham | ... W12: ='1a FASE'!W13 -> Tottenham | X12: =+IF(C12=$B12,Pesos!$L$3,0)*IF(COUNTIF($C12:$W12,C12)=1,2,1) -> 0.85 | Y12: =+IF(D12=$B12,Pesos!$L$3,0)*IF(COUNTIF($C12:$W12,D12)=1,2,1) -> 0.85 | Z12: =+IF(E12=$B12,Pesos!$L$3,0)*IF(COUNTIF($C12:$W12,E12)=1,2,1) -> 0.85 | AA12: =+IF(F12=$B12,Pesos!$L$3,0)*IF(COUNTIF($C12:$W12,F12)=1,2,1) -> 0.85 | AB12: =+IF(G12=$B12,Pesos!$L$3,0)*IF(COUNTIF($C12:$W12,G12)=1,2,1) -> 0.85 | AC12: =+IF(H12=$B12,Pesos!$L$3,0)*IF(COUNTIF($C12:$W12,H12)=1,2,1) -> 0.85 | AD12: =+IF(I12=$B12,Pesos!$L$3,0)*IF(COUNTIF($C12:$W12,I12)=1,2,1) -> 0.85 | AE12: =+IF(J12=$B12,Pesos!$L$3,0)*IF(COUNTIF($C12:$W12,J12)=1,2,1) -> 0 | ... AR12: =+IF(W12=$B12,Pesos!$L$3,0)*IF(COUNTIF($C12:$W12,W12)=1,2,1) -> 0.85
A13: ='1a FASE'!A14 -> Machtday 1 | B13: ='1a FASE'!B14 -> Empate | C13: ='1a FASE'!C14 -> Olympiacos | D13: ='1a FASE'!D14 -> Olympiacos | E13: ='1a FASE'!E14 -> Olympiacos | F13: ='1a FASE'!F14 -> Olympiacos | G13: ='1a FASE'!G14 -> Olympiacos | H13: ='1a FASE'!H14 -> Olympiacos | ... W13: ='1a FASE'!W14 -> Olympiacos | X13: =+IF(C13=$B13,Pesos!$L$3,0)*IF(COUNTIF($C13:$W13,C13)=1,2,1) -> 0 | Y13: =+IF(D13=$B13,Pesos!$L$3,0)*IF(COUNTIF($C13:$W13,D13)=1,2,1) -> 0 | Z13: =+IF(E13=$B13,Pesos!$L$3,0)*IF(COUNTIF($C13:$W13,E13)=1,2,1) -> 0 | AA13: =+IF(F13=$B13,Pesos!$L$3,0)*IF(COUNTIF($C13:$W13,F13)=1,2,1) -> 0 | AB13: =+IF(G13=$B13,Pesos!$L$3,0)*IF(COUNTIF($C13:$W13,G13)=1,2,1) -> 0 | AC13: =+IF(H13=$B13,Pesos!$L$3,0)*IF(COUNTIF($C13:$W13,H13)=1,2,1) -> 0 | AD13: =+IF(I13=$B13,Pesos!$L$3,0)*IF(COUNTIF($C13:$W13,I13)=1,2,1) -> 0 | AE13: =+IF(J13=$B13,Pesos!$L$3,0)*IF(COUNTIF($C13:$W13,J13)=1,2,1) -> 0 | ... AR13: =+IF(W13=$B13,Pesos!$L$3,0)*IF(COUNTIF($C13:$W13,W13)=1,2,1) -> 0
A14: ='1a FASE'!A15 -> Machtday 1 | B14: ='1a FASE'!B15 -> Empate | C14: ='1a FASE'!C15 -> Slavia Praga | D14: ='1a FASE'!D15 -> Slavia Praga | E14: ='1a FASE'!E15 -> Empate | F14: ='1a FASE'!F15 -> Slavia Praga | G14: ='1a FASE'!G15 -> Empate | H14: ='1a FASE'!H15 -> Slavia Praga | ... W14: ='1a FASE'!W15 -> Slavia Praga | X14: =+IF(C14=$B14,Pesos!$L$3,0)*IF(COUNTIF($C14:$W14,C14)=1,2,1) -> 0 | Y14: =+IF(D14=$B14,Pesos!$L$3,0)*IF(COUNTIF($C14:$W14,D14)=1,2,1) -> 0 | Z14: =+IF(E14=$B14,Pesos!$L$3,0)*IF(COUNTIF($C14:$W14,E14)=1,2,1) -> 0.85 | AA14: =+IF(F14=$B14,Pesos!$L$3,0)*IF(COUNTIF($C14:$W14,F14)=1,2,1) -> 0 | AB14: =+IF(G14=$B14,Pesos!$L$3,0)*IF(COUNTIF($C14:$W14,G14)=1,2,1) -> 0.85 | AC14: =+IF(H14=$B14,Pesos!$L$3,0)*IF(COUNTIF($C14:$W14,H14)=1,2,1) -> 0 | AD14: =+IF(I14=$B14,Pesos!$L$3,0)*IF(COUNTIF($C14:$W14,I14)=1,2,1) -> 0 | AE14: =+IF(J14=$B14,Pesos!$L$3,0)*IF(COUNTIF($C14:$W14,J14)=1,2,1) -> 0 | ... AR14: =+IF(W14=$B14,Pesos!$L$3,0)*IF(COUNTIF($C14:$W14,W14)=1,2,1) -> 0
A15: ='1a FASE'!A16 -> Machtday 1 | B15: ='1a FASE'!B16 -> Paris Saint-Germain | C15: ='1a FASE'!C16 -> Paris Saint-Germain | D15: ='1a FASE'!D16 -> Paris Saint-Germain | E15: ='1a FASE'!E16 -> Paris Saint-Germain | F15: ='1a FASE'!F16 -> Paris Saint-Germain | G15: ='1a FASE'!G16 -> Paris Saint-Germain | H15: ='1a FASE'!H16 -> Paris Saint-Germain | ... W15: ='1a FASE'!W16 -> Paris Saint-Germain | X15: =+IF(C15=$B15,Pesos!$L$3,0)*IF(COUNTIF($C15:$W15,C15)=1,2,1) -> 0.85 | Y15: =+IF(D15=$B15,Pesos!$L$3,0)*IF(COUNTIF($C15:$W15,D15)=1,2,1) -> 0.85 | Z15: =+IF(E15=$B15,Pesos!$L$3,0)*IF(COUNTIF($C15:$W15,E15)=1,2,1) -> 0.85 | AA15: =+IF(F15=$B15,Pesos!$L$3,0)*IF(COUNTIF($C15:$W15,F15)=1,2,1) -> 0.85 | AB15: =+IF(G15=$B15,Pesos!$L$3,0)*IF(COUNTIF($C15:$W15,G15)=1,2,1) -> 0.85 | AC15: =+IF(H15=$B15,Pesos!$L$3,0)*IF(COUNTIF($C15:$W15,H15)=1,2,1) -> 0.85 | AD15: =+IF(I15=$B15,Pesos!$L$3,0)*IF(COUNTIF($C15:$W15,I15)=1,2,1) -> 0.85 | AE15: =+IF(J15=$B15,Pesos!$L$3,0)*IF(COUNTIF($C15:$W15,J15)=1,2,1) -> 0.85 | ... AR15: =+IF(W15=$B15,Pesos!$L$3,0)*IF(COUNTIF($C15:$W15,W15)=1,2,1) -> 0.85
A16: ='1a FASE'!A17 -> Machtday 1 | B16: ='1a FASE'!B17 -> Bayern de Munique | C16: ='1a FASE'!C17 -> Bayern de Munique | D16: ='1a FASE'!D17 -> Bayern de Munique | E16: ='1a FASE'!E17 -> Bayern de Munique | F16: ='1a FASE'!F17 -> Empate | G16: ='1a FASE'!G17 -> Bayern de Munique | H16: ='1a FASE'!H17 -> Bayern de Munique | ... W16: ='1a FASE'!W17 -> Bayern de Munique | X16: =+IF(C16=$B16,Pesos!$L$3,0)*IF(COUNTIF($C16:$W16,C16)=1,2,1) -> 0.85 | Y16: =+IF(D16=$B16,Pesos!$L$3,0)*IF(COUNTIF($C16:$W16,D16)=1,2,1) -> 0.85 | Z16: =+IF(E16=$B16,Pesos!$L$3,0)*IF(COUNTIF($C16:$W16,E16)=1,2,1) -> 0.85 | AA16: =+IF(F16=$B16,Pesos!$L$3,0)*IF(COUNTIF($C16:$W16,F16)=1,2,1) -> 0 | AB16: =+IF(G16=$B16,Pesos!$L$3,0)*IF(COUNTIF($C16:$W16,G16)=1,2,1) -> 0.85 | AC16: =+IF(H16=$B16,Pesos!$L$3,0)*IF(COUNTIF($C16:$W16,H16)=1,2,1) -> 0.85 | AD16: =+IF(I16=$B16,Pesos!$L$3,0)*IF(COUNTIF($C16:$W16,I16)=1,2,1) -> 0.85 | AE16: =+IF(J16=$B16,Pesos!$L$3,0)*IF(COUNTIF($C16:$W16,J16)=1,2,1) -> 0.85 | ... AR16: =+IF(W16=$B16,Pesos!$L$3,0)*IF(COUNTIF($C16:$W16,W16)=1,2,1) -> 0.85
A17: ='1a FASE'!A18 -> Machtday 1 | B17: ='1a FASE'!B18 -> Liverpool | C17: ='1a FASE'!C18 -> Liverpool | D17: ='1a FASE'!D18 -> Liverpool | E17: ='1a FASE'!E18 -> Liverpool | F17: ='1a FASE'!F18 -> Liverpool | G17: ='1a FASE'!G18 -> Liverpool | H17: ='1a FASE'!H18 -> Liverpool | ... W17: ='1a FASE'!W18 -> Liverpool | X17: =+IF(C17=$B17,Pesos!$L$3,0)*IF(COUNTIF($C17:$W17,C17)=1,2,1) -> 0.85 | Y17: =+IF(D17=$B17,Pesos!$L$3,0)*IF(COUNTIF($C17:$W17,D17)=1,2,1) -> 0.85 | Z17: =+IF(E17=$B17,Pesos!$L$3,0)*IF(COUNTIF($C17:$W17,E17)=1,2,1) -> 0.85 | AA17: =+IF(F17=$B17,Pesos!$L$3,0)*IF(COUNTIF($C17:$W17,F17)=1,2,1) -> 0.85 | AB17: =+IF(G17=$B17,Pesos!$L$3,0)*IF(COUNTIF($C17:$W17,G17)=1,2,1) -> 0.85 | AC17: =+IF(H17=$B17,Pesos!$L$3,0)*IF(COUNTIF($C17:$W17,H17)=1,2,1) -> 0.85 | AD17: =+IF(I17=$B17,Pesos!$L$3,0)*IF(COUNTIF($C17:$W17,I17)=1,2,1) -> 0.85 | AE17: =+IF(J17=$B17,Pesos!$L$3,0)*IF(COUNTIF($C17:$W17,J17)=1,2,1) -> 0.85 | ... AR17: =+IF(W17=$B17,Pesos!$L$3,0)*IF(COUNTIF($C17:$W17,W17)=1,2,1) -> 0.85
A18: ='1a FASE'!A19 -> Machtday 1 | B18: ='1a FASE'!B19 -> Internazionale | C18: ='1a FASE'!C19 -> Internazionale | D18: ='1a FASE'!D19 -> Empate | E18: ='1a FASE'!E19 -> Ajax | F18: ='1a FASE'!F19 -> Internazionale | G18: ='1a FASE'!G19 -> Empate | H18: ='1a FASE'!H19 -> Ajax | ... W18: ='1a FASE'!W19 -> Empate | X18: =+IF(C18=$B18,Pesos!$L$3,0)*IF(COUNTIF($C18:$W18,C18)=1,2,1) -> 0.85 | Y18: =+IF(D18=$B18,Pesos!$L$3,0)*IF(COUNTIF($C18:$W18,D18)=1,2,1) -> 0 | Z18: =+IF(E18=$B18,Pesos!$L$3,0)*IF(COUNTIF($C18:$W18,E18)=1,2,1) -> 0 | AA18: =+IF(F18=$B18,Pesos!$L$3,0)*IF(COUNTIF($C18:$W18,F18)=1,2,1) -> 0.85 | AB18: =+IF(G18=$B18,Pesos!$L$3,0)*IF(COUNTIF($C18:$W18,G18)=1,2,1) -> 0 | AC18: =+IF(H18=$B18,Pesos!$L$3,0)*IF(COUNTIF($C18:$W18,H18)=1,2,1) -> 0 | AD18: =+IF(I18=$B18,Pesos!$L$3,0)*IF(COUNTIF($C18:$W18,I18)=1,2,1) -> 0.85 | AE18: =+IF(J18=$B18,Pesos!$L$3,0)*IF(COUNTIF($C18:$W18,J18)=1,2,1) -> 0 | ... AR18: =+IF(W18=$B18,Pesos!$L$3,0)*IF(COUNTIF($C18:$W18,W18)=1,2,1) -> 0
... A62: ='1a FASE'!A63 -> Machtday 4 | B62: ='1a FASE'!B63 -> Arsenal | C62: ='1a FASE'!C63 -> Arsenal | D62: ='1a FASE'!D63 -> Arsenal | E62: ='1a FASE'!E63 -> Arsenal | F62: ='1a FASE'!F63 -> Arsenal | G62: ='1a FASE'!G63 -> Arsenal | H62: ='1a FASE'!H63 -> Arsenal | ... W62: ='1a FASE'!W63 -> Arsenal | X62: =+IF(C62=$B62,Pesos!$L$3,0)*IF(COUNTIF($C62:$W62,C62)=1,2,1) -> 0.85 | Y62: =+IF(D62=$B62,Pesos!$L$3,0)*IF(COUNTIF($C62:$W62,D62)=1,2,1) -> 0.85 | Z62: =+IF(E62=$B62,Pesos!$L$3,0)*IF(COUNTIF($C62:$W62,E62)=1,2,1) -> 0.85 | AA62: =+IF(F62=$B62,Pesos!$L$3,0)*IF(COUNTIF($C62:$W62,F62)=1,2,1) -> 0.85 | AB62: =+IF(G62=$B62,Pesos!$L$3,0)*IF(COUNTIF($C62:$W62,G62)=1,2,1) -> 0.85 | AC62: =+IF(H62=$B62,Pesos!$L$3,0)*IF(COUNTIF($C62:$W62,H62)=1,2,1) -> 0.85 | AD62: =+IF(I62=$B62,Pesos!$L$3,0)*IF(COUNTIF($C62:$W62,I62)=1,2,1) -> 0.85 | AE62: =+IF(J62=$B62,Pesos!$L$3,0)*IF(COUNTIF($C62:$W62,J62)=1,2,1) -> 0.85 | ... AR62: =+IF(W62=$B62,Pesos!$L$3,0)*IF(COUNTIF($C62:$W62,W62)=1,2,1) -> 0.85
A63: ='1a FASE'!A62 -> Machtday 4 | B63: ='1a FASE'!B64 -> Bayern de Munique | C63: ='1a FASE'!C64 -> Paris Saint-Germain | D63: ='1a FASE'!D64 -> Paris Saint-Germain | E63: ='1a FASE'!E64 -> Paris Saint-Germain | F63: ='1a FASE'!F64 -> Paris Saint-Germain | G63: ='1a FASE'!G64 -> Paris Saint-Germain | H63: ='1a FASE'!H64 -> Bayern de Munique | I63: ='1a FASE'!I64 -> Paris Saint-Germain | ... W63: ='1a FASE'!W64 -> Paris Saint-Germain | X63: =+IF(C63=$B63,Pesos!$L$3,0)*IF(COUNTIF($C63:$W63,C63)=1,2,1) -> 0 | Y63: =+IF(D63=$B63,Pesos!$L$3,0)*IF(COUNTIF($C63:$W63,D63)=1,2,1) -> 0 | Z63: =+IF(E63=$B63,Pesos!$L$3,0)*IF(COUNTIF($C63:$W63,E63)=1,2,1) -> 0 | AA63: =+IF(F63=$B63,Pesos!$L$3,0)*IF(COUNTIF($C63:$W63,F63)=1,2,1) -> 0 | AB63: =+IF(G63=$B63,Pesos!$L$3,0)*IF(COUNTIF($C63:$W63,G63)=1,2,1) -> 0 | AC63: =+IF(H63=$B63,Pesos!$L$3,0)*IF(COUNTIF($C63:$W63,H63)=1,2,1) -> 0.85 | AD63: =+IF(I63=$B63,Pesos!$L$3,0)*IF(COUNTIF($C63:$W63,I63)=1,2,1) -> 0 | AE63: =+IF(J63=$B63,Pesos!$L$3,0)*IF(COUNTIF($C63:$W63,J63)=1,2,1) -> 0 | ... AR63: =+IF(W63=$B63,Pesos!$L$3,0)*IF(COUNTIF($C63:$W63,W63)=1,2,1) -> 0
A64: ='1a FASE'!A63 -> Machtday 4 | B64: ='1a FASE'!B65 -> Liverpool | C64: ='1a FASE'!C65 -> Liverpool | D64: ='1a FASE'!D65 -> Liverpool | E64: ='1a FASE'!E65 -> Liverpool | F64: ='1a FASE'!F65 -> Empate | G64: ='1a FASE'!G65 -> Liverpool | H64: ='1a FASE'!H65 -> Real Madrid | I64: ='1a FASE'!I65 -> Liverpool | ... W64: ='1a FASE'!W65 -> Empate | X64: =+IF(C64=$B64,Pesos!$L$3,0)*IF(COUNTIF($C64:$W64,C64)=1,2,1) -> 0.85 | Y64: =+IF(D64=$B64,Pesos!$L$3,0)*IF(COUNTIF($C64:$W64,D64)=1,2,1) -> 0.85 | Z64: =+IF(E64=$B64,Pesos!$L$3,0)*IF(COUNTIF($C64:$W64,E64)=1,2,1) -> 0.85 | AA64: =+IF(F64=$B64,Pesos!$L$3,0)*IF(COUNTIF($C64:$W64,F64)=1,2,1) -> 0 | AB64: =+IF(G64=$B64,Pesos!$L$3,0)*IF(COUNTIF($C64:$W64,G64)=1,2,1) -> 0.85 | AC64: =+IF(H64=$B64,Pesos!$L$3,0)*IF(COUNTIF($C64:$W64,H64)=1,2,1) -> 0 | AD64: =+IF(I64=$B64,Pesos!$L$3,0)*IF(COUNTIF($C64:$W64,I64)=1,2,1) -> 0.85 | AE64: =+IF(J64=$B64,Pesos!$L$3,0)*IF(COUNTIF($C64:$W64,J64)=1,2,1) -> 0.85 | ... AR64: =+IF(W64=$B64,Pesos!$L$3,0)*IF(COUNTIF($C64:$W64,W64)=1,2,1) -> 0
A65: ='1a FASE'!A64 -> Machtday 4 | B65: ='1a FASE'!B66 -> Atlético de Madrid | C65: ='1a FASE'!C66 -> Atlético de Madrid | D65: ='1a FASE'!D66 -> Atlético de Madrid | E65: ='1a FASE'!E66 -> Atlético de Madrid | F65: ='1a FASE'!F66 -> Atlético de Madrid | G65: ='1a FASE'!G66 -> Atlético de Madrid | H65: ='1a FASE'!H66 -> Atlético de Madrid | I65: ='1a FASE'!I66 -> Atlético de Madrid | ... W65: ='1a FASE'!W66 -> Atlético de Madrid | X65: =+IF(C65=$B65,Pesos!$L$3,0)*IF(COUNTIF($C65:$W65,C65)=1,2,1) -> 0.85 | Y65: =+IF(D65=$B65,Pesos!$L$3,0)*IF(COUNTIF($C65:$W65,D65)=1,2,1) -> 0.85 | Z65: =+IF(E65=$B65,Pesos!$L$3,0)*IF(COUNTIF($C65:$W65,E65)=1,2,1) -> 0.85 | AA65: =+IF(F65=$B65,Pesos!$L$3,0)*IF(COUNTIF($C65:$W65,F65)=1,2,1) -> 0.85 | AB65: =+IF(G65=$B65,Pesos!$L$3,0)*IF(COUNTIF($C65:$W65,G65)=1,2,1) -> 0.85 | AC65: =+IF(H65=$B65,Pesos!$L$3,0)*IF(COUNTIF($C65:$W65,H65)=1,2,1) -> 0.85 | AD65: =+IF(I65=$B65,Pesos!$L$3,0)*IF(COUNTIF($C65:$W65,I65)=1,2,1) -> 0.85 | AE65: =+IF(J65=$B65,Pesos!$L$3,0)*IF(COUNTIF($C65:$W65,J65)=1,2,1) -> 0.85 | ... AR65: =+IF(W65=$B65,Pesos!$L$3,0)*IF(COUNTIF($C65:$W65,W65)=1,2,1) -> 0.85
A66: ='1a FASE'!A65 -> Machtday 4 | B66: ='1a FASE'!B67 -> Empate | C66: ='1a FASE'!C67 -> Juventus | D66: ='1a FASE'!D67 -> Juventus | E66: ='1a FASE'!E67 -> Juventus | F66: ='1a FASE'!F67 -> Juventus | G66: ='1a FASE'!G67 -> Juventus | H66: ='1a FASE'!H67 -> Juventus | I66: ='1a FASE'!I67 -> Juventus | ... W66: ='1a FASE'!W67 -> Juventus | X66: =+IF(C66=$B66,Pesos!$L$3,0)*IF(COUNTIF($C66:$W66,C66)=1,2,1) -> 0 | Y66: =+IF(D66=$B66,Pesos!$L$3,0)*IF(COUNTIF($C66:$W66,D66)=1,2,1) -> 0 | Z66: =+IF(E66=$B66,Pesos!$L$3,0)*IF(COUNTIF($C66:$W66,E66)=1,2,1) -> 0 | AA66: =+IF(F66=$B66,Pesos!$L$3,0)*IF(COUNTIF($C66:$W66,F66)=1,2,1) -> 0 | AB66: =+IF(G66=$B66,Pesos!$L$3,0)*IF(COUNTIF($C66:$W66,G66)=1,2,1) -> 0 | AC66: =+IF(H66=$B66,Pesos!$L$3,0)*IF(COUNTIF($C66:$W66,H66)=1,2,1) -> 0 | AD66: =+IF(I66=$B66,Pesos!$L$3,0)*IF(COUNTIF($C66:$W66,I66)=1,2,1) -> 0 | AE66: =+IF(J66=$B66,Pesos!$L$3,0)*IF(COUNTIF($C66:$W66,J66)=1,2,1) -> 0 | ... AR66: =+IF(W66=$B66,Pesos!$L$3,0)*IF(COUNTIF($C66:$W66,W66)=1,2,1) -> 0
A67: ='1a FASE'!A66 -> Machtday 4 | B67: ='1a FASE'!B68 -> Tottenham | C67: ='1a FASE'!C68 -> Tottenham | D67: ='1a FASE'!D68 -> Tottenham | E67: ='1a FASE'!E68 -> Tottenham | F67: ='1a FASE'!F68 -> Tottenham | G67: ='1a FASE'!G68 -> Tottenham | H67: ='1a FASE'!H68 -> Tottenham | I67: ='1a FASE'!I68 -> Tottenham | ... W67: ='1a FASE'!W68 -> Tottenham | X67: =+IF(C67=$B67,Pesos!$L$3,0)*IF(COUNTIF($C67:$W67,C67)=1,2,1) -> 0.85 | Y67: =+IF(D67=$B67,Pesos!$L$3,0)*IF(COUNTIF($C67:$W67,D67)=1,2,1) -> 0.85 | Z67: =+IF(E67=$B67,Pesos!$L$3,0)*IF(COUNTIF($C67:$W67,E67)=1,2,1) -> 0.85 | AA67: =+IF(F67=$B67,Pesos!$L$3,0)*IF(COUNTIF($C67:$W67,F67)=1,2,1) -> 0.85 | AB67: =+IF(G67=$B67,Pesos!$L$3,0)*IF(COUNTIF($C67:$W67,G67)=1,2,1) -> 0.85 | AC67: =+IF(H67=$B67,Pesos!$L$3,0)*IF(COUNTIF($C67:$W67,H67)=1,2,1) -> 0.85 | AD67: =+IF(I67=$B67,Pesos!$L$3,0)*IF(COUNTIF($C67:$W67,I67)=1,2,1) -> 0.85 | AE67: =+IF(J67=$B67,Pesos!$L$3,0)*IF(COUNTIF($C67:$W67,J67)=1,2,1) -> 0.85 | ... AR67: =+IF(W67=$B67,Pesos!$L$3,0)*IF(COUNTIF($C67:$W67,W67)=1,2,1) -> 0.85
A68: ='1a FASE'!A67 -> Machtday 4 | B68: ='1a FASE'!B69 -> Empate | C68: ='1a FASE'!C69 -> Empate | D68: ='1a FASE'!D69 -> Olympiacos | E68: ='1a FASE'!E69 -> Olympiacos | F68: ='1a FASE'!F69 -> PSV Eindhoven | G68: ='1a FASE'!G69 -> Empate | H68: ='1a FASE'!H69 -> Olympiacos | I68: ='1a FASE'!I69 -> PSV Eindhoven | ... W68: ='1a FASE'!W69 -> Empate | X68: =+IF(C68=$B68,Pesos!$L$3,0)*IF(COUNTIF($C68:$W68,C68)=1,2,1) -> 0.85 | Y68: =+IF(D68=$B68,Pesos!$L$3,0)*IF(COUNTIF($C68:$W68,D68)=1,2,1) -> 0 | Z68: =+IF(E68=$B68,Pesos!$L$3,0)*IF(COUNTIF($C68:$W68,E68)=1,2,1) -> 0 | AA68: =+IF(F68=$B68,Pesos!$L$3,0)*IF(COUNTIF($C68:$W68,F68)=1,2,1) -> 0 | AB68: =+IF(G68=$B68,Pesos!$L$3,0)*IF(COUNTIF($C68:$W68,G68)=1,2,1) -> 0.85 | AC68: =+IF(H68=$B68,Pesos!$L$3,0)*IF(COUNTIF($C68:$W68,H68)=1,2,1) -> 0 | AD68: =+IF(I68=$B68,Pesos!$L$3,0)*IF(COUNTIF($C68:$W68,I68)=1,2,1) -> 0 | AE68: =+IF(J68=$B68,Pesos!$L$3,0)*IF(COUNTIF($C68:$W68,J68)=1,2,1) -> 0 | ... AR68: =+IF(W68=$B68,Pesos!$L$3,0)*IF(COUNTIF($C68:$W68,W68)=1,2,1) -> 0.85
A69: ='1a FASE'!A68 -> Machtday 4 | B69: ='1a FASE'!B70 -> Monaco | C69: ='1a FASE'!C70 -> Empate | D69: ='1a FASE'!D70 -> Monaco | E69: ='1a FASE'!E70 -> Monaco | F69: ='1a FASE'!F70 -> Monaco | G69: ='1a FASE'!G70 -> Empate | H69: ='1a FASE'!H70 -> Monaco | I69: ='1a FASE'!I70 -> Monaco | ... W69: ='1a FASE'!W70 -> Monaco | X69: =+IF(C69=$B69,Pesos!$L$3,0)*IF(COUNTIF($C69:$W69,C69)=1,2,1) -> 0 | Y69: =+IF(D69=$B69,Pesos!$L$3,0)*IF(COUNTIF($C69:$W69,D69)=1,2,1) -> 0.85 | Z69: =+IF(E69=$B69,Pesos!$L$3,0)*IF(COUNTIF($C69:$W69,E69)=1,2,1) -> 0.85 | AA69: =+IF(F69=$B69,Pesos!$L$3,0)*IF(COUNTIF($C69:$W69,F69)=1,2,1) -> 0.85 | AB69: =+IF(G69=$B69,Pesos!$L$3,0)*IF(COUNTIF($C69:$W69,G69)=1,2,1) -> 0 | AC69: =+IF(H69=$B69,Pesos!$L$3,0)*IF(COUNTIF($C69:$W69,H69)=1,2,1) -> 0.85 | AD69: =+IF(I69=$B69,Pesos!$L$3,0)*IF(COUNTIF($C69:$W69,I69)=1,2,1) -> 0.85 | AE69: =+IF(J69=$B69,Pesos!$L$3,0)*IF(COUNTIF($C69:$W69,J69)=1,2,1) -> 0.85 | ... AR69: =+IF(W69=$B69,Pesos!$L$3,0)*IF(COUNTIF($C69:$W69,W69)=1,2,1) -> 0.85
A70: ='1a FASE'!A69 -> Machtday 4 | B70: ='1a FASE'!B71 -> Empate | C70: ='1a FASE'!C71 -> Chelsea | D70: ='1a FASE'!D71 -> Chelsea | E70: ='1a FASE'!E71 -> Chelsea | F70: ='1a FASE'!F71 -> Chelsea | G70: ='1a FASE'!G71 -> Chelsea | H70: ='1a FASE'!H71 -> Chelsea | I70: ='1a FASE'!I71 -> Chelsea | ... W70: ='1a FASE'!W71 -> Chelsea | X70: =+IF(C70=$B70,Pesos!$L$3,0)*IF(COUNTIF($C70:$W70,C70)=1,2,1) -> 0 | Y70: =+IF(D70=$B70,Pesos!$L$3,0)*IF(COUNTIF($C70:$W70,D70)=1,2,1) -> 0 | Z70: =+IF(E70=$B70,Pesos!$L$3,0)*IF(COUNTIF($C70:$W70,E70)=1,2,1) -> 0 | AA70: =+IF(F70=$B70,Pesos!$L$3,0)*IF(COUNTIF($C70:$W70,F70)=1,2,1) -> 0 | AB70: =+IF(G70=$B70,Pesos!$L$3,0)*IF(COUNTIF($C70:$W70,G70)=1,2,1) -> 0 | AC70: =+IF(H70=$B70,Pesos!$L$3,0)*IF(COUNTIF($C70:$W70,H70)=1,2,1) -> 0 | AD70: =+IF(I70=$B70,Pesos!$L$3,0)*IF(COUNTIF($C70:$W70,I70)=1,2,1) -> 0 | AE70: =+IF(J70=$B70,Pesos!$L$3,0)*IF(COUNTIF($C70:$W70,J70)=1,2,1) -> 0 | ... AR70: =+IF(W70=$B70,Pesos!$L$3,0)*IF(COUNTIF($C70:$W70,W70)=1,2,1) -> 0
A71: ='1a FASE'!A70 -> Machtday 4 | B71: ='1a FASE'!B72 -> Pafos | C71: ='1a FASE'!C72 -> Villarreal | D71: ='1a FASE'!D72 -> Villarreal | E71: ='1a FASE'!E72 -> Villarreal | F71: ='1a FASE'!F72 -> Villarreal | G71: ='1a FASE'!G72 -> Empate | H71: ='1a FASE'!H72 -> Villarreal | I71: ='1a FASE'!I72 -> Villarreal | ... W71: ='1a FASE'!W72 -> Villarreal | X71: =+IF(C71=$B71,Pesos!$L$3,0)*IF(COUNTIF($C71:$W71,C71)=1,2,1) -> 0 | Y71: =+IF(D71=$B71,Pesos!$L$3,0)*IF(COUNTIF($C71:$W71,D71)=1,2,1) -> 0 | Z71: =+IF(E71=$B71,Pesos!$L$3,0)*IF(COUNTIF($C71:$W71,E71)=1,2,1) -> 0 | AA71: =+IF(F71=$B71,Pesos!$L$3,0)*IF(COUNTIF($C71:$W71,F71)=1,2,1) -> 0 | AB71: =+IF(G71=$B71,Pesos!$L$3,0)*IF(COUNTIF($C71:$W71,G71)=1,2,1) -> 0 | AC71: =+IF(H71=$B71,Pesos!$L$3,0)*IF(COUNTIF($C71:$W71,H71)=1,2,1) -> 0 | AD71: =+IF(I71=$B71,Pesos!$L$3,0)*IF(COUNTIF($C71:$W71,I71)=1,2,1) -> 0 | AE71: =+IF(J71=$B71,Pesos!$L$3,0)*IF(COUNTIF($C71:$W71,J71)=1,2,1) -> 0 | ... AR71: =+IF(W71=$B71,Pesos!$L$3,0)*IF(COUNTIF($C71:$W71,W71)=1,2,1) -> 0
A72: ='1a FASE'!A71 -> Machtday 4 | B72: ='1a FASE'!B73 -> Manchester City | C72: ='1a FASE'!C73 -> Manchester City | D72: ='1a FASE'!D73 -> Manchester City | E72: ='1a FASE'!E73 -> Manchester City | F72: ='1a FASE'!F73 -> Manchester City | G72: ='1a FASE'!G73 -> Manchester City | H72: ='1a FASE'!H73 -> Borussia Dortmund | I72: ='1a FASE'!I73 -> Manchester City | ... W72: ='1a FASE'!W73 -> Manchester City | X72: =+IF(C72=$B72,Pesos!$L$3,0)*IF(COUNTIF($C72:$W72,C72)=1,2,1) -> 0.85 | Y72: =+IF(D72=$B72,Pesos!$L$3,0)*IF(COUNTIF($C72:$W72,D72)=1,2,1) -> 0.85 | Z72: =+IF(E72=$B72,Pesos!$L$3,0)*IF(COUNTIF($C72:$W72,E72)=1,2,1) -> 0.85 | AA72: =+IF(F72=$B72,Pesos!$L$3,0)*IF(COUNTIF($C72:$W72,F72)=1,2,1) -> 0.85 | AB72: =+IF(G72=$B72,Pesos!$L$3,0)*IF(COUNTIF($C72:$W72,G72)=1,2,1) -> 0.85 | AC72: =+IF(H72=$B72,Pesos!$L$3,0)*IF(COUNTIF($C72:$W72,H72)=1,2,1) -> 0 | AD72: =+IF(I72=$B72,Pesos!$L$3,0)*IF(COUNTIF($C72:$W72,I72)=1,2,1) -> 0.85 | AE72: =+IF(J72=$B72,Pesos!$L$3,0)*IF(COUNTIF($C72:$W72,J72)=1,2,1) -> 0.85 | ... AR72: =+IF(W72=$B72,Pesos!$L$3,0)*IF(COUNTIF($C72:$W72,W72)=1,2,1) -> 0.85
A73: ='1a FASE'!A72 -> Machtday 4 | B73: ='1a FASE'!B74 -> Internazionale | C73: ='1a FASE'!C74 -> Internazionale | D73: ='1a FASE'!D74 -> Internazionale | E73: ='1a FASE'!E74 -> Internazionale | F73: ='1a FASE'!F74 -> Internazionale | G73: ='1a FASE'!G74 -> Internazionale | H73: ='1a FASE'!H74 -> Internazionale | I73: ='1a FASE'!I74 -> Internazionale | ... W73: ='1a FASE'!W74 -> Internazionale | X73: =+IF(C73=$B73,Pesos!$L$3,0)*IF(COUNTIF($C73:$W73,C73)=1,2,1) -> 0.85 | Y73: =+IF(D73=$B73,Pesos!$L$3,0)*IF(COUNTIF($C73:$W73,D73)=1,2,1) -> 0.85 | Z73: =+IF(E73=$B73,Pesos!$L$3,0)*IF(COUNTIF($C73:$W73,E73)=1,2,1) -> 0.85 | AA73: =+IF(F73=$B73,Pesos!$L$3,0)*IF(COUNTIF($C73:$W73,F73)=1,2,1) -> 0.85 | AB73: =+IF(G73=$B73,Pesos!$L$3,0)*IF(COUNTIF($C73:$W73,G73)=1,2,1) -> 0.85 | AC73: =+IF(H73=$B73,Pesos!$L$3,0)*IF(COUNTIF($C73:$W73,H73)=1,2,1) -> 0.85 | AD73: =+IF(I73=$B73,Pesos!$L$3,0)*IF(COUNTIF($C73:$W73,I73)=1,2,1) -> 0.85 | AE73: =+IF(J73=$B73,Pesos!$L$3,0)*IF(COUNTIF($C73:$W73,J73)=1,2,1) -> 0.85 | ... AR73: =+IF(W73=$B73,Pesos!$L$3,0)*IF(COUNTIF($C73:$W73,W73)=1,2,1) -> 0.85
A74: ='1a FASE'!A73 -> Machtday 4 | B74: ='1a FASE'!B75 -> Bayer Leverkusen | C74: ='1a FASE'!C75 -> Benfica | D74: ='1a FASE'!D75 -> Empate | E74: ='1a FASE'!E75 -> Benfica | F74: ='1a FASE'!F75 -> Empate | G74: ='1a FASE'!G75 -> Benfica | H74: ='1a FASE'!H75 -> Benfica | I74: ='1a FASE'!I75 -> Benfica | ... W74: ='1a FASE'!W75 -> Empate | X74: =+IF(C74=$B74,Pesos!$L$3,0)*IF(COUNTIF($C74:$W74,C74)=1,2,1) -> 0 | Y74: =+IF(D74=$B74,Pesos!$L$3,0)*IF(COUNTIF($C74:$W74,D74)=1,2,1) -> 0 | Z74: =+IF(E74=$B74,Pesos!$L$3,0)*IF(COUNTIF($C74:$W74,E74)=1,2,1) -> 0 | AA74: =+IF(F74=$B74,Pesos!$L$3,0)*IF(COUNTIF($C74:$W74,F74)=1,2,1) -> 0 | AB74: =+IF(G74=$B74,Pesos!$L$3,0)*IF(COUNTIF($C74:$W74,G74)=1,2,1) -> 0 | AC74: =+IF(H74=$B74,Pesos!$L$3,0)*IF(COUNTIF($C74:$W74,H74)=1,2,1) -> 0 | AD74: =+IF(I74=$B74,Pesos!$L$3,0)*IF(COUNTIF($C74:$W74,I74)=1,2,1) -> 0 | AE74: =+IF(J74=$B74,Pesos!$L$3,0)*IF(COUNTIF($C74:$W74,J74)=1,2,1) -> 0 | ... AR74: =+IF(W74=$B74,Pesos!$L$3,0)*IF(COUNTIF($C74:$W74,W74)=1,2,1) -> 0
... A78: ='1a FASE'!A77 -> Machtday 4 | B78: ='1a FASE'!B79 -> Newcastle | C78: ='1a FASE'!C79 -> Newcastle | D78: ='1a FASE'!D79 -> Newcastle | E78: ='1a FASE'!E79 -> Newcastle | F78: ='1a FASE'!F79 -> Newcastle | G78: ='1a FASE'!G79 -> Newcastle | H78: ='1a FASE'!H79 -> Newcastle | I78: ='1a FASE'!I79 -> Newcastle | ... W78: ='1a FASE'!W79 -> Newcastle | X78: =+IF(C78=$B78,Pesos!$L$3,0)*IF(COUNTIF($C78:$W78,C78)=1,2,1) -> 0.85 | Y78: =+IF(D78=$B78,Pesos!$L$3,0)*IF(COUNTIF($C78:$W78,D78)=1,2,1) -> 0.85 | Z78: =+IF(E78=$B78,Pesos!$L$3,0)*IF(COUNTIF($C78:$W78,E78)=1,2,1) -> 0.85 | AA78: =+IF(F78=$B78,Pesos!$L$3,0)*IF(COUNTIF($C78:$W78,F78)=1,2,1) -> 0.85 | AB78: =+IF(G78=$B78,Pesos!$L$3,0)*IF(COUNTIF($C78:$W78,G78)=1,2,1) -> 0.85 | AC78: =+IF(H78=$B78,Pesos!$L$3,0)*IF(COUNTIF($C78:$W78,H78)=1,2,1) -> 0.85 | AD78: =+IF(I78=$B78,Pesos!$L$3,0)*IF(COUNTIF($C78:$W78,I78)=1,2,1) -> 0.85 | AE78: =+IF(J78=$B78,Pesos!$L$3,0)*IF(COUNTIF($C78:$W78,J78)=1,2,1) -> 0.85 | ... AR78: =+IF(W78=$B78,Pesos!$L$3,0)*IF(COUNTIF($C78:$W78,W78)=1,2,1) -> 0.85
A79: ='1a FASE'!A80 -> Machtday 5 | B79: ='1a FASE'!B80 -> Benfica | C79: ='1a FASE'!C80 -> Benfica | D79: ='1a FASE'!D80 -> Ajax | E79: ='1a FASE'!E80 -> Benfica | F79: ='1a FASE'!F80 -> Benfica | G79: ='1a FASE'!G80 -> Ajax | H79: ='1a FASE'!H80 -> Ajax | ... W79: ='1a FASE'!W80 -> Empate | X79: =+IF(C79=$B79,Pesos!$L$3,0)*IF(COUNTIF($C79:$W79,C79)=1,2,1) -> 0.85 | Y79: =+IF(D79=$B79,Pesos!$L$3,0)*IF(COUNTIF($C79:$W79,D79)=1,2,1) -> 0 | Z79: =+IF(E79=$B79,Pesos!$L$3,0)*IF(COUNTIF($C79:$W79,E79)=1,2,1) -> 0.85 | AA79: =+IF(F79=$B79,Pesos!$L$3,0)*IF(COUNTIF($C79:$W79,F79)=1,2,1) -> 0.85 | AB79: =+IF(G79=$B79,Pesos!$L$3,0)*IF(COUNTIF($C79:$W79,G79)=1,2,1) -> 0 | AC79: =+IF(H79=$B79,Pesos!$L$3,0)*IF(COUNTIF($C79:$W79,H79)=1,2,1) -> 0 | AD79: =+IF(I79=$B79,Pesos!$L$3,0)*IF(COUNTIF($C79:$W79,I79)=1,2,1) -> 0.85 | AE79: =+IF(J79=$B79,Pesos!$L$3,0)*IF(COUNTIF($C79:$W79,J79)=1,2,1) -> 0 | ... AR79: =+IF(W79=$B79,Pesos!$L$3,0)*IF(COUNTIF($C79:$W79,W79)=1,2,1) -> 0
A80: ='1a FASE'!A81 -> Machtday 5 | B80: ='1a FASE'!B81 -> Union Saint-Gilloise | C80: ='1a FASE'!C81 -> Galatasaray | D80: ='1a FASE'!D81 -> Galatasaray | E80: ='1a FASE'!E81 -> Galatasaray | F80: ='1a FASE'!F81 -> Galatasaray | G80: ='1a FASE'!G81 -> Galatasaray | H80: ='1a FASE'!H81 -> Galatasaray | ... W80: ='1a FASE'!W81 -> Galatasaray | X80: =+IF(C80=$B80,Pesos!$L$3,0)*IF(COUNTIF($C80:$W80,C80)=1,2,1) -> 0 | Y80: =+IF(D80=$B80,Pesos!$L$3,0)*IF(COUNTIF($C80:$W80,D80)=1,2,1) -> 0 | Z80: =+IF(E80=$B80,Pesos!$L$3,0)*IF(COUNTIF($C80:$W80,E80)=1,2,1) -> 0 | AA80: =+IF(F80=$B80,Pesos!$L$3,0)*IF(COUNTIF($C80:$W80,F80)=1,2,1) -> 0 | AB80: =+IF(G80=$B80,Pesos!$L$3,0)*IF(COUNTIF($C80:$W80,G80)=1,2,1) -> 0 | AC80: =+IF(H80=$B80,Pesos!$L$3,0)*IF(COUNTIF($C80:$W80,H80)=1,2,1) -> 0 | AD80: =+IF(I80=$B80,Pesos!$L$3,0)*IF(COUNTIF($C80:$W80,I80)=1,2,1) -> 0 | AE80: =+IF(J80=$B80,Pesos!$L$3,0)*IF(COUNTIF($C80:$W80,J80)=1,2,1) -> 0 | ... AR80: =+IF(W80=$B80,Pesos!$L$3,0)*IF(COUNTIF($C80:$W80,W80)=1,2,1) -> 0
A81: ='1a FASE'!A82 -> Machtday 5 | B81: ='1a FASE'!B82 -> Bayer Leverkusen | C81: ='1a FASE'!C82 -> Manchester City | D81: ='1a FASE'!D82 -> Manchester City | E81: ='1a FASE'!E82 -> Manchester City | F81: ='1a FASE'!F82 -> Manchester City | G81: ='1a FASE'!G82 -> Manchester City | H81: ='1a FASE'!H82 -> Manchester City | ... W81: ='1a FASE'!W82 -> Manchester City | X81: =+IF(C81=$B81,Pesos!$L$3,0)*IF(COUNTIF($C81:$W81,C81)=1,2,1) -> 0 | Y81: =+IF(D81=$B81,Pesos!$L$3,0)*IF(COUNTIF($C81:$W81,D81)=1,2,1) -> 0 | Z81: =+IF(E81=$B81,Pesos!$L$3,0)*IF(COUNTIF($C81:$W81,E81)=1,2,1) -> 0 | AA81: =+IF(F81=$B81,Pesos!$L$3,0)*IF(COUNTIF($C81:$W81,F81)=1,2,1) -> 0 | AB81: =+IF(G81=$B81,Pesos!$L$3,0)*IF(COUNTIF($C81:$W81,G81)=1,2,1) -> 0 | AC81: =+IF(H81=$B81,Pesos!$L$3,0)*IF(COUNTIF($C81:$W81,H81)=1,2,1) -> 0 | AD81: =+IF(I81=$B81,Pesos!$L$3,0)*IF(COUNTIF($C81:$W81,I81)=1,2,1) -> 0 | AE81: =+IF(J81=$B81,Pesos!$L$3,0)*IF(COUNTIF($C81:$W81,J81)=1,2,1) -> 0 | ... AR81: =+IF(W81=$B81,Pesos!$L$3,0)*IF(COUNTIF($C81:$W81,W81)=1,2,1) -> 0
A82: ='1a FASE'!A83 -> Machtday 5 | B82: ='1a FASE'!B83 -> Chelsea | C82: ='1a FASE'!C83 -> Empate | D82: ='1a FASE'!D83 -> Chelsea | E82: ='1a FASE'!E83 -> Empate | F82: ='1a FASE'!F83 -> Barcelona | G82: ='1a FASE'!G83 -> Chelsea | H82: ='1a FASE'!H83 -> Chelsea | ... W82: ='1a FASE'!W83 -> Empate | X82: =+IF(C82=$B82,Pesos!$L$3,0)*IF(COUNTIF($C82:$W82,C82)=1,2,1) -> 0 | Y82: =+IF(D82=$B82,Pesos!$L$3,0)*IF(COUNTIF($C82:$W82,D82)=1,2,1) -> 0.85 | Z82: =+IF(E82=$B82,Pesos!$L$3,0)*IF(COUNTIF($C82:$W82,E82)=1,2,1) -> 0 | AA82: =+IF(F82=$B82,Pesos!$L$3,0)*IF(COUNTIF($C82:$W82,F82)=1,2,1) -> 0 | AB82: =+IF(G82=$B82,Pesos!$L$3,0)*IF(COUNTIF($C82:$W82,G82)=1,2,1) -> 0.85 | AC82: =+IF(H82=$B82,Pesos!$L$3,0)*IF(COUNTIF($C82:$W82,H82)=1,2,1) -> 0.85 | AD82: =+IF(I82=$B82,Pesos!$L$3,0)*IF(COUNTIF($C82:$W82,I82)=1,2,1) -> 0.85 | AE82: =+IF(J82=$B82,Pesos!$L$3,0)*IF(COUNTIF($C82:$W82,J82)=1,2,1) -> 0.85 | ... AR82: =+IF(W82=$B82,Pesos!$L$3,0)*IF(COUNTIF($C82:$W82,W82)=1,2,1) -> 0
A83: ='1a FASE'!A84 -> Machtday 5 | B83: ='1a FASE'!B84 -> Borussia Dortmund | C83: ='1a FASE'!C84 -> Borussia Dortmund | D83: ='1a FASE'!D84 -> Borussia Dortmund | E83: ='1a FASE'!E84 -> Borussia Dortmund | F83: ='1a FASE'!F84 -> Borussia Dortmund | G83: ='1a FASE'!G84 -> Borussia Dortmund | H83: ='1a FASE'!H84 -> Borussia Dortmund | ... W83: ='1a FASE'!W84 -> Borussia Dortmund | X83: =+IF(C83=$B83,Pesos!$L$3,0)*IF(COUNTIF($C83:$W83,C83)=1,2,1) -> 0.85 | Y83: =+IF(D83=$B83,Pesos!$L$3,0)*IF(COUNTIF($C83:$W83,D83)=1,2,1) -> 0.85 | Z83: =+IF(E83=$B83,Pesos!$L$3,0)*IF(COUNTIF($C83:$W83,E83)=1,2,1) -> 0.85 | AA83: =+IF(F83=$B83,Pesos!$L$3,0)*IF(COUNTIF($C83:$W83,F83)=1,2,1) -> 0.85 | AB83: =+IF(G83=$B83,Pesos!$L$3,0)*IF(COUNTIF($C83:$W83,G83)=1,2,1) -> 0.85 | AC83: =+IF(H83=$B83,Pesos!$L$3,0)*IF(COUNTIF($C83:$W83,H83)=1,2,1) -> 0.85 | AD83: =+IF(I83=$B83,Pesos!$L$3,0)*IF(COUNTIF($C83:$W83,I83)=1,2,1) -> 0.85 | AE83: =+IF(J83=$B83,Pesos!$L$3,0)*IF(COUNTIF($C83:$W83,J83)=1,2,1) -> 0.85 | ... AR83: =+IF(W83=$B83,Pesos!$L$3,0)*IF(COUNTIF($C83:$W83,W83)=1,2,1) -> 0.85
A84: ='1a FASE'!A85 -> Machtday 5 | B84: ='1a FASE'!B85 -> Napoli | C84: ='1a FASE'!C85 -> Napoli | D84: ='1a FASE'!D85 -> Napoli | E84: ='1a FASE'!E85 -> Napoli | F84: ='1a FASE'!F85 -> Napoli | G84: ='1a FASE'!G85 -> Napoli | H84: ='1a FASE'!H85 -> Napoli | ... W84: ='1a FASE'!W85 -> Napoli | X84: =+IF(C84=$B84,Pesos!$L$3,0)*IF(COUNTIF($C84:$W84,C84)=1,2,1) -> 0.85 | Y84: =+IF(D84=$B84,Pesos!$L$3,0)*IF(COUNTIF($C84:$W84,D84)=1,2,1) -> 0.85 | Z84: =+IF(E84=$B84,Pesos!$L$3,0)*IF(COUNTIF($C84:$W84,E84)=1,2,1) -> 0.85 | AA84: =+IF(F84=$B84,Pesos!$L$3,0)*IF(COUNTIF($C84:$W84,F84)=1,2,1) -> 0.85 | AB84: =+IF(G84=$B84,Pesos!$L$3,0)*IF(COUNTIF($C84:$W84,G84)=1,2,1) -> 0.85 | AC84: =+IF(H84=$B84,Pesos!$L$3,0)*IF(COUNTIF($C84:$W84,H84)=1,2,1) -> 0.85 | AD84: =+IF(I84=$B84,Pesos!$L$3,0)*IF(COUNTIF($C84:$W84,I84)=1,2,1) -> 0.85 | AE84: =+IF(J84=$B84,Pesos!$L$3,0)*IF(COUNTIF($C84:$W84,J84)=1,2,1) -> 0.85 | ... AR84: =+IF(W84=$B84,Pesos!$L$3,0)*IF(COUNTIF($C84:$W84,W84)=1,2,1) -> 0.85
A85: ='1a FASE'!A86 -> Machtday 5 | B85: ='1a FASE'!B86 -> Empate | C85: ='1a FASE'!C86 -> Empate | D85: ='1a FASE'!D86 -> Athletic Bilbao | E85: ='1a FASE'!E86 -> Athletic Bilbao | F85: ='1a FASE'!F86 -> Athletic Bilbao | G85: ='1a FASE'!G86 -> Athletic Bilbao | H85: ='1a FASE'!H86 -> Slavia Praga | ... W85: ='1a FASE'!W86 -> Athletic Bilbao | X85: =+IF(C85=$B85,Pesos!$L$3,0)*IF(COUNTIF($C85:$W85,C85)=1,2,1) -> 0.85 | Y85: =+IF(D85=$B85,Pesos!$L$3,0)*IF(COUNTIF($C85:$W85,D85)=1,2,1) -> 0 | Z85: =+IF(E85=$B85,Pesos!$L$3,0)*IF(COUNTIF($C85:$W85,E85)=1,2,1) -> 0 | AA85: =+IF(F85=$B85,Pesos!$L$3,0)*IF(COUNTIF($C85:$W85,F85)=1,2,1) -> 0 | AB85: =+IF(G85=$B85,Pesos!$L$3,0)*IF(COUNTIF($C85:$W85,G85)=1,2,1) -> 0 | AC85: =+IF(H85=$B85,Pesos!$L$3,0)*IF(COUNTIF($C85:$W85,H85)=1,2,1) -> 0 | AD85: =+IF(I85=$B85,Pesos!$L$3,0)*IF(COUNTIF($C85:$W85,I85)=1,2,1) -> 0 | AE85: =+IF(J85=$B85,Pesos!$L$3,0)*IF(COUNTIF($C85:$W85,J85)=1,2,1) -> 0 | ... AR85: =+IF(W85=$B85,Pesos!$L$3,0)*IF(COUNTIF($C85:$W85,W85)=1,2,1) -> 0
A86: ='1a FASE'!A87 -> Machtday 5 | B86: ='1a FASE'!B87 -> Juventus | C86: ='1a FASE'!C87 -> Juventus | D86: ='1a FASE'!D87 -> Juventus | E86: ='1a FASE'!E87 -> Juventus | F86: ='1a FASE'!F87 -> Juventus | G86: ='1a FASE'!G87 -> Juventus | H86: ='1a FASE'!H87 -> Juventus | ... W86: ='1a FASE'!W87 -> Juventus | X86: =+IF(C86=$B86,Pesos!$L$3,0)*IF(COUNTIF($C86:$W86,C86)=1,2,1) -> 0.85 | Y86: =+IF(D86=$B86,Pesos!$L$3,0)*IF(COUNTIF($C86:$W86,D86)=1,2,1) -> 0.85 | Z86: =+IF(E86=$B86,Pesos!$L$3,0)*IF(COUNTIF($C86:$W86,E86)=1,2,1) -> 0.85 | AA86: =+IF(F86=$B86,Pesos!$L$3,0)*IF(COUNTIF($C86:$W86,F86)=1,2,1) -> 0.85 | AB86: =+IF(G86=$B86,Pesos!$L$3,0)*IF(COUNTIF($C86:$W86,G86)=1,2,1) -> 0.85 | AC86: =+IF(H86=$B86,Pesos!$L$3,0)*IF(COUNTIF($C86:$W86,H86)=1,2,1) -> 0.85 | AD86: =+IF(I86=$B86,Pesos!$L$3,0)*IF(COUNTIF($C86:$W86,I86)=1,2,1) -> 0.85 | AE86: =+IF(J86=$B86,Pesos!$L$3,0)*IF(COUNTIF($C86:$W86,J86)=1,2,1) -> 0.85 | ... AR86: =+IF(W86=$B86,Pesos!$L$3,0)*IF(COUNTIF($C86:$W86,W86)=1,2,1) -> 0.85
A87: ='1a FASE'!A88 -> Machtday 5 | B87: ='1a FASE'!B88 -> Olympique de Marselha | C87: ='1a FASE'!C88 -> Newcastle | D87: ='1a FASE'!D88 -> Olympique de Marselha | E87: ='1a FASE'!E88 -> Newcastle | F87: ='1a FASE'!F88 -> Olympique de Marselha | G87: ='1a FASE'!G88 -> Empate | H87: ='1a FASE'!H88 -> Newcastle | ... W87: ='1a FASE'!W88 -> Newcastle | X87: =+IF(C87=$B87,Pesos!$L$3,0)*IF(COUNTIF($C87:$W87,C87)=1,2,1) -> 0 | Y87: =+IF(D87=$B87,Pesos!$L$3,0)*IF(COUNTIF($C87:$W87,D87)=1,2,1) -> 0.85 | Z87: =+IF(E87=$B87,Pesos!$L$3,0)*IF(COUNTIF($C87:$W87,E87)=1,2,1) -> 0 | AA87: =+IF(F87=$B87,Pesos!$L$3,0)*IF(COUNTIF($C87:$W87,F87)=1,2,1) -> 0.85 | AB87: =+IF(G87=$B87,Pesos!$L$3,0)*IF(COUNTIF($C87:$W87,G87)=1,2,1) -> 0 | AC87: =+IF(H87=$B87,Pesos!$L$3,0)*IF(COUNTIF($C87:$W87,H87)=1,2,1) -> 0 | AD87: =+IF(I87=$B87,Pesos!$L$3,0)*IF(COUNTIF($C87:$W87,I87)=1,2,1) -> 0.85 | AE87: =+IF(J87=$B87,Pesos!$L$3,0)*IF(COUNTIF($C87:$W87,J87)=1,2,1) -> 0 | ... AR87: =+IF(W87=$B87,Pesos!$L$3,0)*IF(COUNTIF($C87:$W87,W87)=1,2,1) -> 0
A88: ='1a FASE'!A89 -> Machtday 5 | B88: ='1a FASE'!B89 -> Copenhagen | C88: ='1a FASE'!C89 -> Copenhagen | D88: ='1a FASE'!D89 -> Copenhagen | E88: ='1a FASE'!E89 -> Copenhagen | F88: ='1a FASE'!F89 -> Copenhagen | G88: ='1a FASE'!G89 -> Copenhagen | H88: ='1a FASE'!H89 -> Kairat | ... W88: ='1a FASE'!W89 -> Copenhagen | X88: =+IF(C88=$B88,Pesos!$L$3,0)*IF(COUNTIF($C88:$W88,C88)=1,2,1) -> 0.85 | Y88: =+IF(D88=$B88,Pesos!$L$3,0)*IF(COUNTIF($C88:$W88,D88)=1,2,1) -> 0.85 | Z88: =+IF(E88=$B88,Pesos!$L$3,0)*IF(COUNTIF($C88:$W88,E88)=1,2,1) -> 0.85 | AA88: =+IF(F88=$B88,Pesos!$L$3,0)*IF(COUNTIF($C88:$W88,F88)=1,2,1) -> 0.85 | AB88: =+IF(G88=$B88,Pesos!$L$3,0)*IF(COUNTIF($C88:$W88,G88)=1,2,1) -> 0.85 | AC88: =+IF(H88=$B88,Pesos!$L$3,0)*IF(COUNTIF($C88:$W88,H88)=1,2,1) -> 0 | AD88: =+IF(I88=$B88,Pesos!$L$3,0)*IF(COUNTIF($C88:$W88,I88)=1,2,1) -> 0.85 | AE88: =+IF(J88=$B88,Pesos!$L$3,0)*IF(COUNTIF($C88:$W88,J88)=1,2,1) -> 0.85 | ... AR88: =+IF(W88=$B88,Pesos!$L$3,0)*IF(COUNTIF($C88:$W88,W88)=1,2,1) -> 0.85
A89: ='1a FASE'!A90 -> Machtday 5 | B89: ='1a FASE'!B90 -> Empate | C89: ='1a FASE'!C90 -> Monaco | D89: ='1a FASE'!D90 -> Monaco | E89: ='1a FASE'!E90 -> Monaco | F89: ='1a FASE'!F90 -> Monaco | G89: ='1a FASE'!G90 -> Pafos | H89: ='1a FASE'!H90 -> Monaco | ... W89: ='1a FASE'!W90 -> Monaco | X89: =+IF(C89=$B89,Pesos!$L$3,0)*IF(COUNTIF($C89:$W89,C89)=1,2,1) -> 0 | Y89: =+IF(D89=$B89,Pesos!$L$3,0)*IF(COUNTIF($C89:$W89,D89)=1,2,1) -> 0 | Z89: =+IF(E89=$B89,Pesos!$L$3,0)*IF(COUNTIF($C89:$W89,E89)=1,2,1) -> 0 | AA89: =+IF(F89=$B89,Pesos!$L$3,0)*IF(COUNTIF($C89:$W89,F89)=1,2,1) -> 0 | AB89: =+IF(G89=$B89,Pesos!$L$3,0)*IF(COUNTIF($C89:$W89,G89)=1,2,1) -> 0 | AC89: =+IF(H89=$B89,Pesos!$L$3,0)*IF(COUNTIF($C89:$W89,H89)=1,2,1) -> 0 | AD89: =+IF(I89=$B89,Pesos!$L$3,0)*IF(COUNTIF($C89:$W89,I89)=1,2,1) -> 0 | AE89: =+IF(J89=$B89,Pesos!$L$3,0)*IF(COUNTIF($C89:$W89,J89)=1,2,1) -> 0 | ... AR89: =+IF(W89=$B89,Pesos!$L$3,0)*IF(COUNTIF($C89:$W89,W89)=1,2,1) -> 0
A90: ='1a FASE'!A91 -> Machtday 5 | B90: ='1a FASE'!B91 -> Paris Saint-Germain | C90: ='1a FASE'!C91 -> Paris Saint-Germain | D90: ='1a FASE'!D91 -> Paris Saint-Germain | E90: ='1a FASE'!E91 -> Paris Saint-Germain | F90: ='1a FASE'!F91 -> Empate | G90: ='1a FASE'!G91 -> Paris Saint-Germain | H90: ='1a FASE'!H91 -> Paris Saint-Germain | ... W90: ='1a FASE'!W91 -> Paris Saint-Germain | X90: =+IF(C90=$B90,Pesos!$L$3,0)*IF(COUNTIF($C90:$W90,C90)=1,2,1) -> 0.85 | Y90: =+IF(D90=$B90,Pesos!$L$3,0)*IF(COUNTIF($C90:$W90,D90)=1,2,1) -> 0.85 | Z90: =+IF(E90=$B90,Pesos!$L$3,0)*IF(COUNTIF($C90:$W90,E90)=1,2,1) -> 0.85 | AA90: =+IF(F90=$B90,Pesos!$L$3,0)*IF(COUNTIF($C90:$W90,F90)=1,2,1) -> 0 | AB90: =+IF(G90=$B90,Pesos!$L$3,0)*IF(COUNTIF($C90:$W90,G90)=1,2,1) -> 0.85 | AC90: =+IF(H90=$B90,Pesos!$L$3,0)*IF(COUNTIF($C90:$W90,H90)=1,2,1) -> 0.85 | AD90: =+IF(I90=$B90,Pesos!$L$3,0)*IF(COUNTIF($C90:$W90,I90)=1,2,1) -> 0.85 | AE90: =+IF(J90=$B90,Pesos!$L$3,0)*IF(COUNTIF($C90:$W90,J90)=1,2,1) -> 0.85 | ... AR90: =+IF(W90=$B90,Pesos!$L$3,0)*IF(COUNTIF($C90:$W90,W90)=1,2,1) -> 0.85
... A150: ='1a FASE'!A151 -> Machtday 8 | B150: ='1a FASE'!B151 -> Chelsea | C150: ='1a FASE'!C151 -> Napoli | D150: ='1a FASE'!D151 -> Chelsea | E150: ='1a FASE'!E151 -> Chelsea | F150: ='1a FASE'!F151 -> Chelsea | G150: ='1a FASE'!G151 -> Empate | H150: ='1a FASE'!H151 -> Chelsea | ... W150: ='1a FASE'!W151 -> Empate | X150: =+IF(C150=$B150,Pesos!$L$3,0)*IF(COUNTIF($C150:$W150,C150)=1,2,1) -> 0 | Y150: =+IF(D150=$B150,Pesos!$L$3,0)*IF(COUNTIF($C150:$W150,D150)=1,2,1) -> 0.85 | Z150: =+IF(E150=$B150,Pesos!$L$3,0)*IF(COUNTIF($C150:$W150,E150)=1,2,1) -> 0.85 | AA150: =+IF(F150=$B150,Pesos!$L$3,0)*IF(COUNTIF($C150:$W150,F150)=1,2,1) -> 0.85 | AB150: =+IF(G150=$B150,Pesos!$L$3,0)*IF(COUNTIF($C150:$W150,G150)=1,2,1) -> 0 | AC150: =+IF(H150=$B150,Pesos!$L$3,0)*IF(COUNTIF($C150:$W150,H150)=1,2,1) -> 0.85 | AD150: =+IF(I150=$B150,Pesos!$L$3,0)*IF(COUNTIF($C150:$W150,I150)=1,2,1) -> 0.85 | AE150: =+IF(J150=$B150,Pesos!$L$3,0)*IF(COUNTIF($C150:$W150,J150)=1,2,1) -> 0 | ... AR150: =+IF(W150=$B150,Pesos!$L$3,0)*IF(COUNTIF($C150:$W150,W150)=1,2,1) -> 0
A151: ='1a FASE'!A152 -> Classificado 1 | B151: ='1a FASE'!B152 -> Arsenal | C151: ='1a FASE'!C152 -> Real Madrid | D151: ='1a FASE'!D152 -> Barcelona | E151: ='1a FASE'!E152 -> Paris Saint-Germain | F151: ='1a FASE'!F152 -> Liverpool | G151: ='1a FASE'!G152 -> Barcelona | H151: ='1a FASE'!H152 -> Chelsea | ... W151: ='1a FASE'!W152 -> Barcelona | X151: =IF(COUNTIF($B$151:$B$158,C151)>0,Pesos!$L$4,0)+IF($B151=C151,Pesos!$L$5,0) -> 0 | Y151: =IF(COUNTIF($B$151:$B$158,D151)>0,Pesos!$L$4,0)+IF($B151=D151,Pesos!$L$5,0) -> 4.2 | Z151: =IF(COUNTIF($B$151:$B$158,E151)>0,Pesos!$L$4,0)+IF($B151=E151,Pesos!$L$5,0) -> 0 | AA151: =IF(COUNTIF($B$151:$B$158,F151)>0,Pesos!$L$4,0)+IF($B151=F151,Pesos!$L$5,0) -> 4.2 | AB151: =IF(COUNTIF($B$151:$B$158,G151)>0,Pesos!$L$4,0)+IF($B151=G151,Pesos!$L$5,0) -> 4.2 | AC151: =IF(COUNTIF($B$151:$B$158,H151)>0,Pesos!$L$4,0)+IF($B151=H151,Pesos!$L$5,0) -> 4.2 | AD151: =IF(COUNTIF($B$151:$B$158,I151)>0,Pesos!$L$4,0)+IF($B151=I151,Pesos!$L$5,0) -> 4.2 | AE151: =IF(COUNTIF($B$151:$B$158,J151)>0,Pesos!$L$4,0)+IF($B151=J151,Pesos!$L$5,0) -> 0 | ... AR151: =IF(COUNTIF($B$151:$B$158,W151)>0,Pesos!$L$4,0)+IF($B151=W151,Pesos!$L$5,0) -> 4.2
A152: ='1a FASE'!A153 -> Classificado 2 | B152: ='1a FASE'!B153 -> Bayern de Munique | C152: ='1a FASE'!C153 -> Paris Saint-Germain | D152: ='1a FASE'!D153 -> Liverpool | E152: ='1a FASE'!E153 -> Chelsea | F152: ='1a FASE'!F153 -> Paris Saint-Germain | G152: ='1a FASE'!G153 -> Paris Saint-Germain | H152: ='1a FASE'!H153 -> Barcelona | ... W152: ='1a FASE'!W153 -> Real Madrid | X152: =IF(COUNTIF($B$151:$B$158,C152)>0,Pesos!$L$4,0)+IF($B152=C152,Pesos!$L$5,0) -> 0 | Y152: =IF(COUNTIF($B$151:$B$158,D152)>0,Pesos!$L$4,0)+IF($B152=D152,Pesos!$L$5,0) -> 4.2 | Z152: =IF(COUNTIF($B$151:$B$158,E152)>0,Pesos!$L$4,0)+IF($B152=E152,Pesos!$L$5,0) -> 4.2 | AA152: =IF(COUNTIF($B$151:$B$158,F152)>0,Pesos!$L$4,0)+IF($B152=F152,Pesos!$L$5,0) -> 0 | AB152: =IF(COUNTIF($B$151:$B$158,G152)>0,Pesos!$L$4,0)+IF($B152=G152,Pesos!$L$5,0) -> 0 | AC152: =IF(COUNTIF($B$151:$B$158,H152)>0,Pesos!$L$4,0)+IF($B152=H152,Pesos!$L$5,0) -> 4.2 | AD152: =IF(COUNTIF($B$151:$B$158,I152)>0,Pesos!$L$4,0)+IF($B152=I152,Pesos!$L$5,0) -> 0 | AE152: =IF(COUNTIF($B$151:$B$158,J152)>0,Pesos!$L$4,0)+IF($B152=J152,Pesos!$L$5,0) -> 4.2 | ... AR152: =IF(COUNTIF($B$151:$B$158,W152)>0,Pesos!$L$4,0)+IF($B152=W152,Pesos!$L$5,0) -> 0
A153: ='1a FASE'!A154 -> Classificado 3 | B153: ='1a FASE'!B154 -> Liverpool | C153: ='1a FASE'!C154 -> Manchester City | D153: ='1a FASE'!D154 -> Real Madrid | E153: ='1a FASE'!E154 -> Liverpool | F153: ='1a FASE'!F154 -> Real Madrid | G153: ='1a FASE'!G154 -> Liverpool | H153: ='1a FASE'!H154 -> Real Madrid | ... W153: ='1a FASE'!W154 -> Paris Saint-Germain | X153: =IF(COUNTIF($B$151:$B$158,C153)>0,Pesos!$L$4,0)+IF($B153=C153,Pesos!$L$5,0) -> 4.2 | Y153: =IF(COUNTIF($B$151:$B$158,D153)>0,Pesos!$L$4,0)+IF($B153=D153,Pesos!$L$5,0) -> 0 | Z153: =IF(COUNTIF($B$151:$B$158,E153)>0,Pesos!$L$4,0)+IF($B153=E153,Pesos!$L$5,0) -> 6.2 | AA153: =IF(COUNTIF($B$151:$B$158,F153)>0,Pesos!$L$4,0)+IF($B153=F153,Pesos!$L$5,0) -> 0 | AB153: =IF(COUNTIF($B$151:$B$158,G153)>0,Pesos!$L$4,0)+IF($B153=G153,Pesos!$L$5,0) -> 6.2 | AC153: =IF(COUNTIF($B$151:$B$158,H153)>0,Pesos!$L$4,0)+IF($B153=H153,Pesos!$L$5,0) -> 0 | AD153: =IF(COUNTIF($B$151:$B$158,I153)>0,Pesos!$L$4,0)+IF($B153=I153,Pesos!$L$5,0) -> 0 | AE153: =IF(COUNTIF($B$151:$B$158,J153)>0,Pesos!$L$4,0)+IF($B153=J153,Pesos!$L$5,0) -> 4.2 | ... AR153: =IF(COUNTIF($B$151:$B$158,W153)>0,Pesos!$L$4,0)+IF($B153=W153,Pesos!$L$5,0) -> 0
A154: ='1a FASE'!A155 -> Classificado 4 | B154: ='1a FASE'!B155 -> Tottenham | C154: ='1a FASE'!C155 -> Bayern de Munique | D154: ='1a FASE'!D155 -> Paris Saint-Germain | E154: ='1a FASE'!E155 -> Arsenal | F154: ='1a FASE'!F155 -> Barcelona | G154: ='1a FASE'!G155 -> Bayern de Munique | H154: ='1a FASE'!H155 -> Bayern de Munique | ... W154: ='1a FASE'!W155 -> Liverpool | X154: =IF(COUNTIF($B$151:$B$158,C154)>0,Pesos!$L$4,0)+IF($B154=C154,Pesos!$L$5,0) -> 4.2 | Y154: =IF(COUNTIF($B$151:$B$158,D154)>0,Pesos!$L$4,0)+IF($B154=D154,Pesos!$L$5,0) -> 0 | Z154: =IF(COUNTIF($B$151:$B$158,E154)>0,Pesos!$L$4,0)+IF($B154=E154,Pesos!$L$5,0) -> 4.2 | AA154: =IF(COUNTIF($B$151:$B$158,F154)>0,Pesos!$L$4,0)+IF($B154=F154,Pesos!$L$5,0) -> 4.2 | AB154: =IF(COUNTIF($B$151:$B$158,G154)>0,Pesos!$L$4,0)+IF($B154=G154,Pesos!$L$5,0) -> 4.2 | AC154: =IF(COUNTIF($B$151:$B$158,H154)>0,Pesos!$L$4,0)+IF($B154=H154,Pesos!$L$5,0) -> 4.2 | AD154: =IF(COUNTIF($B$151:$B$158,I154)>0,Pesos!$L$4,0)+IF($B154=I154,Pesos!$L$5,0) -> 4.2 | AE154: =IF(COUNTIF($B$151:$B$158,J154)>0,Pesos!$L$4,0)+IF($B154=J154,Pesos!$L$5,0) -> 4.2 | ... AR154: =IF(COUNTIF($B$151:$B$158,W154)>0,Pesos!$L$4,0)+IF($B154=W154,Pesos!$L$5,0) -> 4.2
A155: ='1a FASE'!A156 -> Classificado 5 | B155: ='1a FASE'!B156 -> Barcelona | C155: ='1a FASE'!C156 -> Arsenal | D155: ='1a FASE'!D156 -> Juventus | E155: ='1a FASE'!E156 -> Manchester City | F155: ='1a FASE'!F156 -> Manchester City | G155: ='1a FASE'!G156 -> Real Madrid | H155: ='1a FASE'!H156 -> Liverpool | ... W155: ='1a FASE'!W156 -> Bayern de Munique | X155: =IF(COUNTIF($B$151:$B$158,C155)>0,Pesos!$L$4,0)+IF($B155=C155,Pesos!$L$5,0) -> 4.2 | Y155: =IF(COUNTIF($B$151:$B$158,D155)>0,Pesos!$L$4,0)+IF($B155=D155,Pesos!$L$5,0) -> 0 | Z155: =IF(COUNTIF($B$151:$B$158,E155)>0,Pesos!$L$4,0)+IF($B155=E155,Pesos!$L$5,0) -> 4.2 | AA155: =IF(COUNTIF($B$151:$B$158,F155)>0,Pesos!$L$4,0)+IF($B155=F155,Pesos!$L$5,0) -> 4.2 | AB155: =IF(COUNTIF($B$151:$B$158,G155)>0,Pesos!$L$4,0)+IF($B155=G155,Pesos!$L$5,0) -> 0 | AC155: =IF(COUNTIF($B$151:$B$158,H155)>0,Pesos!$L$4,0)+IF($B155=H155,Pesos!$L$5,0) -> 4.2 | AD155: =IF(COUNTIF($B$151:$B$158,I155)>0,Pesos!$L$4,0)+IF($B155=I155,Pesos!$L$5,0) -> 0 | AE155: =IF(COUNTIF($B$151:$B$158,J155)>0,Pesos!$L$4,0)+IF($B155=J155,Pesos!$L$5,0) -> 0 | ... AR155: =IF(COUNTIF($B$151:$B$158,W155)>0,Pesos!$L$4,0)+IF($B155=W155,Pesos!$L$5,0) -> 4.2
A156: ='1a FASE'!A157 -> Classificado 6 | B156: ='1a FASE'!B157 -> Chelsea | C156: ='1a FASE'!C157 -> Internazionale | D156: ='1a FASE'!D157 -> Chelsea | E156: ='1a FASE'!E157 -> Barcelona | F156: ='1a FASE'!F157 -> Bayern de Munique | G156: ='1a FASE'!G157 -> Arsenal | H156: ='1a FASE'!H157 -> Arsenal | ... W156: ='1a FASE'!W157 -> Arsenal | X156: =IF(COUNTIF($B$151:$B$158,C156)>0,Pesos!$L$4,0)+IF($B156=C156,Pesos!$L$5,0) -> 0 | Y156: =IF(COUNTIF($B$151:$B$158,D156)>0,Pesos!$L$4,0)+IF($B156=D156,Pesos!$L$5,0) -> 6.2 | Z156: =IF(COUNTIF($B$151:$B$158,E156)>0,Pesos!$L$4,0)+IF($B156=E156,Pesos!$L$5,0) -> 4.2 | AA156: =IF(COUNTIF($B$151:$B$158,F156)>0,Pesos!$L$4,0)+IF($B156=F156,Pesos!$L$5,0) -> 4.2 | AB156: =IF(COUNTIF($B$151:$B$158,G156)>0,Pesos!$L$4,0)+IF($B156=G156,Pesos!$L$5,0) -> 4.2 | AC156: =IF(COUNTIF($B$151:$B$158,H156)>0,Pesos!$L$4,0)+IF($B156=H156,Pesos!$L$5,0) -> 4.2 | AD156: =IF(COUNTIF($B$151:$B$158,I156)>0,Pesos!$L$4,0)+IF($B156=I156,Pesos!$L$5,0) -> 0 | AE156: =IF(COUNTIF($B$151:$B$158,J156)>0,Pesos!$L$4,0)+IF($B156=J156,Pesos!$L$5,0) -> 4.2 | ... AR156: =IF(COUNTIF($B$151:$B$158,W156)>0,Pesos!$L$4,0)+IF($B156=W156,Pesos!$L$5,0) -> 4.2
A157: ='1a FASE'!A158 -> Classificado 7 | B157: ='1a FASE'!B158 -> Sporting | C157: ='1a FASE'!C158 -> Liverpool | D157: ='1a FASE'!D158 -> Manchester City | E157: ='1a FASE'!E158 -> Bayern de Munique | F157: ='1a FASE'!F158 -> Chelsea | G157: ='1a FASE'!G158 -> Manchester City | H157: ='1a FASE'!H158 -> Paris Saint-Germain | ... W157: ='1a FASE'!W158 -> Chelsea | X157: =IF(COUNTIF($B$151:$B$158,C157)>0,Pesos!$L$4,0)+IF($B157=C157,Pesos!$L$5,0) -> 4.2 | Y157: =IF(COUNTIF($B$151:$B$158,D157)>0,Pesos!$L$4,0)+IF($B157=D157,Pesos!$L$5,0) -> 4.2 | Z157: =IF(COUNTIF($B$151:$B$158,E157)>0,Pesos!$L$4,0)+IF($B157=E157,Pesos!$L$5,0) -> 4.2 | AA157: =IF(COUNTIF($B$151:$B$158,F157)>0,Pesos!$L$4,0)+IF($B157=F157,Pesos!$L$5,0) -> 4.2 | AB157: =IF(COUNTIF($B$151:$B$158,G157)>0,Pesos!$L$4,0)+IF($B157=G157,Pesos!$L$5,0) -> 4.2 | AC157: =IF(COUNTIF($B$151:$B$158,H157)>0,Pesos!$L$4,0)+IF($B157=H157,Pesos!$L$5,0) -> 0 | AD157: =IF(COUNTIF($B$151:$B$158,I157)>0,Pesos!$L$4,0)+IF($B157=I157,Pesos!$L$5,0) -> 4.2 | AE157: =IF(COUNTIF($B$151:$B$158,J157)>0,Pesos!$L$4,0)+IF($B157=J157,Pesos!$L$5,0) -> 0 | ... AR157: =IF(COUNTIF($B$151:$B$158,W157)>0,Pesos!$L$4,0)+IF($B157=W157,Pesos!$L$5,0) -> 4.2
A158: ='1a FASE'!A159 -> Classificado 8 | B158: ='1a FASE'!B159 -> Manchester City | C158: ='1a FASE'!C159 -> Atalanta | D158: ='1a FASE'!D159 -> Arsenal | E158: ='1a FASE'!E159 -> Real Madrid | F158: ='1a FASE'!F159 -> Atlético de Madrid | G158: ='1a FASE'!G159 -> Atlético de Madrid | H158: ='1a FASE'!H159 -> Internazionale | ... W158: ='1a FASE'!W159 -> Atlético de Madrid | X158: =IF(COUNTIF($B$151:$B$158,C158)>0,Pesos!$L$4,0)+IF($B158=C158,Pesos!$L$5,0) -> 0 | Y158: =IF(COUNTIF($B$151:$B$158,D158)>0,Pesos!$L$4,0)+IF($B158=D158,Pesos!$L$5,0) -> 4.2 | Z158: =IF(COUNTIF($B$151:$B$158,E158)>0,Pesos!$L$4,0)+IF($B158=E158,Pesos!$L$5,0) -> 0 | AA158: =IF(COUNTIF($B$151:$B$158,F158)>0,Pesos!$L$4,0)+IF($B158=F158,Pesos!$L$5,0) -> 0 | AB158: =IF(COUNTIF($B$151:$B$158,G158)>0,Pesos!$L$4,0)+IF($B158=G158,Pesos!$L$5,0) -> 0 | AC158: =IF(COUNTIF($B$151:$B$158,H158)>0,Pesos!$L$4,0)+IF($B158=H158,Pesos!$L$5,0) -> 0 | AD158: =IF(COUNTIF($B$151:$B$158,I158)>0,Pesos!$L$4,0)+IF($B158=I158,Pesos!$L$5,0) -> 6.2 | AE158: =IF(COUNTIF($B$151:$B$158,J158)>0,Pesos!$L$4,0)+IF($B158=J158,Pesos!$L$5,0) -> 6.2 | ... AR158: =IF(COUNTIF($B$151:$B$158,W158)>0,Pesos!$L$4,0)+IF($B158=W158,Pesos!$L$5,0) -> 0
A159: Ordem Class 1 | X159: =IF(C151=$B151,Pesos!$L$5,0) -> 0 | Y159: =IF(D151=$B151,Pesos!$L$5,0) -> 0 | Z159: =IF(E151=$B151,Pesos!$L$5,0) -> 0 | AA159: =IF(F151=$B151,Pesos!$L$5,0) -> 0 | AB159: =IF(G151=$B151,Pesos!$L$5,0) -> 0 | AC159: =IF(H151=$B151,Pesos!$L$5,0) -> 0 | AD159: =IF(I151=$B151,Pesos!$L$5,0) -> 0 | AE159: =IF(J151=$B151,Pesos!$L$5,0) -> 0 | ... AR159: =IF(W151=$B151,Pesos!$L$5,0) -> 0
A160: Ordem Class 2 | X160: =IF(C152=$B152,Pesos!$L$5,0) -> 0 | Y160: =IF(D152=$B152,Pesos!$L$5,0) -> 0 | Z160: =IF(E152=$B152,Pesos!$L$5,0) -> 0 | AA160: =IF(F152=$B152,Pesos!$L$5,0) -> 0 | AB160: =IF(G152=$B152,Pesos!$L$5,0) -> 0 | AC160: =IF(H152=$B152,Pesos!$L$5,0) -> 0 | AD160: =IF(I152=$B152,Pesos!$L$5,0) -> 0 | AE160: =IF(J152=$B152,Pesos!$L$5,0) -> 0 | ... AR160: =IF(W152=$B152,Pesos!$L$5,0) -> 0
A161: Ordem Class 3 | X161: =IF(C153=$B153,Pesos!$L$5,0) -> 0 | Y161: =IF(D153=$B153,Pesos!$L$5,0) -> 0 | Z161: =IF(E153=$B153,Pesos!$L$5,0) -> 2 | AA161: =IF(F153=$B153,Pesos!$L$5,0) -> 0 | AB161: =IF(G153=$B153,Pesos!$L$5,0) -> 2 | AC161: =IF(H153=$B153,Pesos!$L$5,0) -> 0 | AD161: =IF(I153=$B153,Pesos!$L$5,0) -> 0 | AE161: =IF(J153=$B153,Pesos!$L$5,0) -> 0 | ... AR161: =IF(W153=$B153,Pesos!$L$5,0) -> 0
A162: Ordem Class 4 | X162: =IF(C154=$B154,Pesos!$L$5,0) -> 0 | Y162: =IF(D154=$B154,Pesos!$L$5,0) -> 0 | Z162: =IF(E154=$B154,Pesos!$L$5,0) -> 0 | AA162: =IF(F154=$B154,Pesos!$L$5,0) -> 0 | AB162: =IF(G154=$B154,Pesos!$L$5,0) -> 0 | AC162: =IF(H154=$B154,Pesos!$L$5,0) -> 0 | AD162: =IF(I154=$B154,Pesos!$L$5,0) -> 0 | AE162: =IF(J154=$B154,Pesos!$L$5,0) -> 0 | ... AR162: =IF(W154=$B154,Pesos!$L$5,0) -> 0
A163: Ordem Class 5 | X163: =IF(C155=$B155,Pesos!$L$5,0) -> 0 | Y163: =IF(D155=$B155,Pesos!$L$5,0) -> 0 | Z163: =IF(E155=$B155,Pesos!$L$5,0) -> 0 | AA163: =IF(F155=$B155,Pesos!$L$5,0) -> 0 | AB163: =IF(G155=$B155,Pesos!$L$5,0) -> 0 | AC163: =IF(H155=$B155,Pesos!$L$5,0) -> 0 | AD163: =IF(I155=$B155,Pesos!$L$5,0) -> 0 | AE163: =IF(J155=$B155,Pesos!$L$5,0) -> 0 | ... AR163: =IF(W155=$B155,Pesos!$L$5,0) -> 0
A164: Ordem Class 6 | X164: =IF(C156=$B156,Pesos!$L$5,0) -> 0 | Y164: =IF(D156=$B156,Pesos!$L$5,0) -> 2 | Z164: =IF(E156=$B156,Pesos!$L$5,0) -> 0 | AA164: =IF(F156=$B156,Pesos!$L$5,0) -> 0 | AB164: =IF(G156=$B156,Pesos!$L$5,0) -> 0 | AC164: =IF(H156=$B156,Pesos!$L$5,0) -> 0 | AD164: =IF(I156=$B156,Pesos!$L$5,0) -> 0 | AE164: =IF(J156=$B156,Pesos!$L$5,0) -> 0 | ... AR164: =IF(W156=$B156,Pesos!$L$5,0) -> 0
A165: Ordem Class 7 | X165: =IF(C157=$B157,Pesos!$L$5,0) -> 0 | Y165: =IF(D157=$B157,Pesos!$L$5,0) -> 0 | Z165: =IF(E157=$B157,Pesos!$L$5,0) -> 0 | AA165: =IF(F157=$B157,Pesos!$L$5,0) -> 0 | AB165: =IF(G157=$B157,Pesos!$L$5,0) -> 0 | AC165: =IF(H157=$B157,Pesos!$L$5,0) -> 0 | AD165: =IF(I157=$B157,Pesos!$L$5,0) -> 0 | AE165: =IF(J157=$B157,Pesos!$L$5,0) -> 0 | ... AR165: =IF(W157=$B157,Pesos!$L$5,0) -> 0
A166: Ordem Class 8 | X166: =IF(C158=$B158,Pesos!$L$5,0) -> 0 | Y166: =IF(D158=$B158,Pesos!$L$5,0) -> 0 | Z166: =IF(E158=$B158,Pesos!$L$5,0) -> 0 | AA166: =IF(F158=$B158,Pesos!$L$5,0) -> 0 | AB166: =IF(G158=$B158,Pesos!$L$5,0) -> 0 | AC166: =IF(H158=$B158,Pesos!$L$5,0) -> 0 | AD166: =IF(I158=$B158,Pesos!$L$5,0) -> 2 | AE166: =IF(J158=$B158,Pesos!$L$5,0) -> 2 | ... AR166: =IF(W158=$B158,Pesos!$L$5,0) -> 0

Sheet 1a FASE
C1: =COUNTIF(AH5:AH117,1) -> 1 | D1: =COUNTIF(AA5:AA119,1) -> 1 | E1: =COUNTIF(AF5:AF119,1) -> 2 | F1: =COUNTIF(AE5:AE119,1) -> 3 | G1: =COUNTIF(AD5:AD119,1) -> 1 | H1: =COUNTIF(AN5:AN119,1) -> 2 | I1: =COUNTIF(AK5:AK119,1) -> 1 | J1: =COUNTIF(X5:X119,1) -> 1 | K1: =COUNTIF(Y5:Y119,1) -> 2 | L1: =COUNTIF(AM5:AM119,1) -> 1 | M1: =COUNTIF(AJ5:AJ119,1) -> 3 | N1: =COUNTIF(AB5:AB119,1) -> 0 | O1: =COUNTIF(AC5:AC119,1) -> 9 | P1: =COUNTIF(AI5:AI119,1) -> 1 | Q1: =COUNTIF(AL5:AL119,1) -> 6 | R1: =COUNTIF(Z5:Z119,1) -> 1 | S1: =COUNTIF(AG5:AG119,1) -> 1 | T1: =COUNTIF(AO5:AO119,1) -> 9 | U1: =COUNTIF(AP5:AP119,1) -> 4 | V1: =COUNTIF(AQ5:AQ119,1) -> 7 | W1: =COUNTIF(AR5:AR119,1) -> 0
A2: PALPITE | B2: OFICIAL | C2: Leo Picca | D2: Leo Raposo | E2: Serginho | F2: Biel | G2: Rafinha | H2: Ranieri | I2: Nanel | J2: Marcel | K2: Dan | L2: Celsinho | M2: Enrico | N2: Gui Giron | O2: Scarpa | P2: Victor | Q2: Faber | R2: Felippe Leite | S2: Muca | T2: Feijão | U2: Ivan | V2: Michel | W2: Deco | X2: Marcel | Y2: Dan | Z2: Felippe Leite | AA2: Leo Raposo | AB2: Gui Giron | AC2: Scarpa | AD2: Rafinha | AE2: Biel | AF2: Serginho | AG2: Muca | AH2: Leo Picca | AI2: Victor | AJ2: Enrico | AK2: Nanel | AL2: Faber | AM2: Celsinho | AN2: Ranieri | AO2: Feijão | AP2: Ivan | AQ2: Michel | AR2: Deco
A3: A PONTUAÇÃO | B3: ----- | C3: =HLOOKUP('1a FASE'!$C$2,'cálculo'!$C$2:$AR$3,2,FALSE) -> 83.1 | D3: =HLOOKUP('1a FASE'!$D$2,'cálculo'!$C$2:$AR$3,2,FALSE) -> 95 | E3: =HLOOKUP('1a FASE'!$E$2,'cálculo'!$C$2:$AR$3,2,FALSE) -> 102.6 | F3: =HLOOKUP('1a FASE'!$F$2,'cálculo'!$C$2:$AR$3,2,FALSE) -> 93.55 | G3: =HLOOKUP('1a FASE'!$G$2,'cálculo'!$C$2:$AR$3,2,FALSE) -> 95 | H3: =HLOOKUP('1a FASE'!$H$2,'cálculo'!$C$2:$AR$3,2,FALSE) -> 91 | I3: =HLOOKUP('1a FASE'!$I$2,'cálculo'!$C$2:$AR$3,2,FALSE) -> 92.5 | J3: =HLOOKUP('1a FASE'!$J$2,'cálculo'!$C$2:$AR$3,2,FALSE) -> 93 | K3: =HLOOKUP('1a FASE'!$K$2,'cálculo'!$C$2:$AR$3,2,FALSE) -> 91.85 | L3: =HLOOKUP('1a FASE'!$L$2,'cálculo'!$C$2:$AR$3,2,FALSE) -> 90.15 | M3: =HLOOKUP('1a FASE'!$M$2,'cálculo'!$C$2:$AR$3,2,FALSE) -> 90.15 | N3: =HLOOKUP('1a FASE'!$N$2,'cálculo'!$C$2:$AR$3,2,FALSE) -> 103.7 | O3: =HLOOKUP('1a FASE'!$O$2,'cálculo'!$C$2:$AR$3,2,FALSE) -> 91.8 | P3: =HLOOKUP('1a FASE'!$P$2,'cálculo'!$C$2:$AR$3,2,FALSE) -> 100.65 | Q3: =HLOOKUP('1a FASE'!$Q$2,'cálculo'!$C$2:$AR$3,2,FALSE) -> 96.65 | R3: =HLOOKUP('1a FASE'!$R$2,'cálculo'!$C$2:$AR$3,2,FALSE) -> 106.9 | S3: =HLOOKUP('1a FASE'!$S$2,'cálculo'!$C$2:$AR$3,2,FALSE) -> 91.6 | T3: =HLOOKUP('1a FASE'!$T$2,'cálculo'!$C$2:$AR$3,2,FALSE) -> 88.5 | U3: =HLOOKUP('1a FASE'!$U$2,'cálculo'!$C$2:$AR$3,2,FALSE) -> 81.7 | V3: =HLOOKUP('1a FASE'!$V$2,'cálculo'!$C$2:$AR$3,2,FALSE) -> 91.85 | W3: =HLOOKUP('1a FASE'!$W$2,'cálculo'!$C$2:$AR$3,2,FALSE) -> 86.75
A4: RANKING | B4: ----- | C4: =RANK(C3,$C$3:$W$3) -> 20 | D4: =RANK(D3,$C$3:$W$3) -> 6 | E4: =RANK(E3,$C$3:$W$3) -> 3 | F4: =RANK(F3,$C$3:$W$3) -> 8 | G4: =RANK(G3,$C$3:$W$3) -> 6 | H4: =RANK(H3,$C$3:$W$3) -> 15 | I4: =RANK(I3,$C$3:$W$3) -> 10 | J4: =RANK(J3,$C$3:$W$3) -> 9 | ... W4: =RANK(W3,$C$3:$W$3) -> 19
A5: ARTILHEIRO | C5: =VLOOKUP($C$2,Form_PrimeiraFase!$C$2:$FB$70,154,FALSE) -> Kylian Mbappé | D5: =VLOOKUP($D$2,Form_PrimeiraFase!$C$2:$FB$69,154,FALSE) -> Mohamed Salah | E5: =VLOOKUP($E$2,Form_PrimeiraFase!$C$2:$FB$69,154,FALSE) -> João Pedro | F5: =VLOOKUP($F$2,Form_PrimeiraFase!$C$2:$FB$69,154,FALSE) -> Ekitike | G5: =VLOOKUP($G$2,Form_PrimeiraFase!$C$2:$FB$69,154,FALSE) -> Raphinha | H5: =VLOOKUP($H$2,Form_PrimeiraFase!$C$2:$FB$69,154,FALSE) -> Robert Lewandowski | I5: =VLOOKUP($I$2,Form_PrimeiraFase!$C$2:$FB$69,154,FALSE) -> Harry Kane | J5: =VLOOKUP($J$2,Form_PrimeiraFase!$C$2:$FB$69,154,FALSE) -> Erling Haaland | K5: =VLOOKUP($K$2,Form_PrimeiraFase!$C$2:$FB$69,154,FALSE) -> Raphinha | L5: =VLOOKUP($L$2,Form_PrimeiraFase!$C$2:$FB$69,154,FALSE) -> Raphinha | M5: =VLOOKUP($M$2,Form_PrimeiraFase!$C$2:$FB$69,154,FALSE) -> Erling Haaland | N5: =VLOOKUP($N$2,Form_PrimeiraFase!$C$2:$FB$69,154,FALSE) -> Robert Lewandowski | O5: =VLOOKUP($O$2,Form_PrimeiraFase!$C$2:$FB$69,154,FALSE) -> Robert Lewandowski | P5: =VLOOKUP($P$2,Form_PrimeiraFase!$C$2:$FB$69,154,FALSE) -> Robert Lewandowski | Q5: =VLOOKUP($Q$2,Form_PrimeiraFase!$C$2:$FB$69,154,FALSE) -> Kylian Mbappé | R5: =VLOOKUP($R$2,Form_PrimeiraFase!$C$2:$FB$69,154,FALSE) -> Erling Haaland | S5: =VLOOKUP($S$2,Form_PrimeiraFase!$C$2:$FB$69,154,FALSE) -> Erling Haaland | T5: =VLOOKUP($T$2,Form_PrimeiraFase!$C$2:$FB$69,154,FALSE) -> Ousmane Dembélé | U5: =VLOOKUP($U$2,Form_PrimeiraFase!$C$2:$FB$69,154,FALSE) -> Raphinha | V5: =VLOOKUP($V$2,Form_PrimeiraFase!$C$2:$FB$69,154,FALSE) -> Harry Kane | W5: =VLOOKUP($W$2,Form_PrimeiraFase!$C$2:$FB$69,154,FALSE) -> Kylian Mbappé | X5: =COUNTIF($C5:$W5,J5) -> 4 | Y5: =COUNTIF($C5:$W5,K5) -> 4 | Z5: =COUNTIF($C5:$W5,R5) -> 4 | AA5: =COUNTIF($C5:$W5,D5) -> 1 | AB5: =COUNTIF($C5:$W5,N5) -> 4 | AC5: =COUNTIF($C5:$W5,O5) -> 4 | AD5: =COUNTIF($C5:$W5,G5) -> 4 | AE5: =COUNTIF($C5:$W5,F5) -> 1 | AF5: =COUNTIF($C5:$W5,E5) -> 1 | AG5: =COUNTIF($C5:$W5,S5) -> 4 | AH5: =COUNTIF($C5:$W5,C5) -> 3 | AI5: =COUNTIF($C5:$W5,P5) -> 4 | AJ5: =COUNTIF($C5:$W5,M5) -> 4 | AK5: =COUNTIF($C5:$W5,I5) -> 2 | AL5: =COUNTIF($C5:$W5,Q5) -> 3 | AM5: =COUNTIF($C5:$W5,L5) -> 4 | AN5: =COUNTIF($C5:$W5,H5) -> 4 | AO5: =COUNTIF($C5:$W5,T5) -> 1 | AP5: =COUNTIF($C5:$W5,U5) -> 4 | AQ5: =COUNTIF($C5:$W5,V5) -> 2 | AR5: =COUNTIF($C5:$W5,W5) -> 3
A6: GARÇOM | C6: =VLOOKUP($C$2,Form_PrimeiraFase!$C$2:$FB$69,155,FALSE) -> Phil Foden | D6: =VLOOKUP($D$2,Form_PrimeiraFase!$C$2:$FB$69,155,FALSE) -> Mohamed Salah | E6: =VLOOKUP($E$2,Form_PrimeiraFase!$C$2:$FB$69,155,FALSE) -> Lamine Yamal | F6: =VLOOKUP($F$2,Form_PrimeiraFase!$C$2:$FB$69,155,FALSE) -> Raphinha | G6: =VLOOKUP($G$2,Form_PrimeiraFase!$C$2:$FB$69,155,FALSE) -> Lamine Yamal | H6: =VLOOKUP($H$2,Form_PrimeiraFase!$C$2:$FB$69,155,FALSE) -> Lamine Yamal | I6: =VLOOKUP($I$2,Form_PrimeiraFase!$C$2:$FB$69,155,FALSE) -> Lamine Yamal | J6: =VLOOKUP($J$2,Form_PrimeiraFase!$C$2:$FB$69,155,FALSE) -> Désiré Doué | K6: =VLOOKUP($K$2,Form_PrimeiraFase!$C$2:$FB$69,155,FALSE) -> Lamine Yamal | L6: =VLOOKUP($L$2,Form_PrimeiraFase!$C$2:$FB$69,155,FALSE) -> Cole Palmer | M6: =VLOOKUP($M$2,Form_PrimeiraFase!$C$2:$FB$69,155,FALSE) -> Ousmane Dembélé | N6: =VLOOKUP($N$2,Form_PrimeiraFase!$C$2:$FB$69,155,FALSE) -> Cole Palmer | O6: =VLOOKUP($O$2,Form_PrimeiraFase!$C$2:$FB$69,155,FALSE) -> Eberechi Eze | P6: =VLOOKUP($P$2,Form_PrimeiraFase!$C$2:$FB$69,155,FALSE) -> Lamine Yamal | Q6: =VLOOKUP($Q$2,Form_PrimeiraFase!$C$2:$FB$69,155,FALSE) -> Raphinha | R6: =VLOOKUP($R$2,Form_PrimeiraFase!$C$2:$FB$69,155,FALSE) -> Vitinha | S6: =VLOOKUP($S$2,Form_PrimeiraFase!$C$2:$FB$69,155,FALSE) -> Mohamed Salah | T6: =VLOOKUP($T$2,Form_PrimeiraFase!$C$2:$FB$69,155,FALSE) -> Raphinha | U6: =VLOOKUP($U$2,Form_PrimeiraFase!$C$2:$FB$69,155,FALSE) -> Lamine Yamal | V6: =VLOOKUP($V$2,Form_PrimeiraFase!$C$2:$FB$69,155,FALSE) -> Vinícius Jr. | W6: =VLOOKUP($W$2,Form_PrimeiraFase!$C$2:$FB$69,155,FALSE) -> Vinícius Jr. | X6: =COUNTIF($C6:$W6,J6) -> 1 | Y6: =COUNTIF($C6:$W6,K6) -> 7 | Z6: =COUNTIF($C6:$W6,R6) -> 1 | AA6: =COUNTIF($C6:$W6,D6) -> 2 | AB6: =COUNTIF($C6:$W6,N6) -> 2 | AC6: =COUNTIF($C6:$W6,O6) -> 1 | AD6: =COUNTIF($C6:$W6,G6) -> 7 | AE6: =COUNTIF($C6:$W6,F6) -> 3 | AF6: =COUNTIF($C6:$W6,E6) -> 7 | AG6: =COUNTIF($C6:$W6,S6) -> 2 | AH6: =COUNTIF($C6:$W6,C6) -> 1 | AI6: =COUNTIF($C6:$W6,P6) -> 7 | AJ6: =COUNTIF($C6:$W6,M6) -> 1 | AK6: =COUNTIF($C6:$W6,I6) -> 7 | AL6: =COUNTIF($C6:$W6,Q6) -> 3 | AM6: =COUNTIF($C6:$W6,L6) -> 2 | AN6: =COUNTIF($C6:$W6,H6) -> 7 | AO6: =COUNTIF($C6:$W6,T6) -> 3 | AP6: =COUNTIF($C6:$W6,U6) -> 7 | AQ6: =COUNTIF($C6:$W6,V6) -> 2 | AR6: =COUNTIF($C6:$W6,W6) -> 2
A7: TIME FAVORITO | C7: =VLOOKUP($C$2,Form_PrimeiraFase!$C$2:$FB$69,156,FALSE) -> Real Madrid | D7: =VLOOKUP($D$2,Form_PrimeiraFase!$C$2:$FB$69,156,FALSE) -> Barcelona | E7: =VLOOKUP($E$2,Form_PrimeiraFase!$C$2:$FB$69,156,FALSE) -> Barcelona | F7: =VLOOKUP($F$2,Form_PrimeiraFase!$C$2:$FB$69,156,FALSE) -> Liverpool | G7: =VLOOKUP($G$2,Form_PrimeiraFase!$C$2:$FB$69,156,FALSE) -> Barcelona | H7: =VLOOKUP($H$2,Form_PrimeiraFase!$C$2:$FB$69,156,FALSE) -> Barcelona | I7: =VLOOKUP($I$2,Form_PrimeiraFase!$C$2:$FB$69,156,FALSE) -> Chelsea | J7: =VLOOKUP($J$2,Form_PrimeiraFase!$C$2:$FB$69,156,FALSE) -> Paris Saint-Germain | K7: =VLOOKUP($K$2,Form_PrimeiraFase!$C$2:$FB$69,156,FALSE) -> Liverpool | L7: =VLOOKUP($L$2,Form_PrimeiraFase!$C$2:$FB$69,156,FALSE) -> Barcelona | M7: =VLOOKUP($M$2,Form_PrimeiraFase!$C$2:$FB$69,156,FALSE) -> Liverpool | N7: =VLOOKUP($N$2,Form_PrimeiraFase!$C$2:$FB$69,156,FALSE) -> Barcelona | O7: =VLOOKUP($O$2,Form_PrimeiraFase!$C$2:$FB$69,156,FALSE) -> Barcelona | P7: =VLOOKUP($P$2,Form_PrimeiraFase!$C$2:$FB$69,156,FALSE) -> Barcelona | Q7: =VLOOKUP($Q$2,Form_PrimeiraFase!$C$2:$FB$69,156,FALSE) -> Barcelona | R7: =VLOOKUP($R$2,Form_PrimeiraFase!$C$2:$FB$69,156,FALSE) -> Real Madrid | S7: =VLOOKUP($S$2,Form_PrimeiraFase!$C$2:$FB$69,156,FALSE) -> Barcelona | T7: =VLOOKUP($T$2,Form_PrimeiraFase!$C$2:$FB$69,156,FALSE) -> Paris Saint-Germain | U7: =VLOOKUP($U$2,Form_PrimeiraFase!$C$2:$FB$69,156,FALSE) -> Barcelona | V7: =VLOOKUP($V$2,Form_PrimeiraFase!$C$2:$FB$69,156,FALSE) -> Liverpool | W7: =VLOOKUP($W$2,Form_PrimeiraFase!$C$2:$FB$69,156,FALSE) -> Barcelona | X7: =COUNTIF($C7:$W7,J7) -> 2 | Y7: =COUNTIF($C7:$W7,K7) -> 4 | Z7: =COUNTIF($C7:$W7,R7) -> 2 | AA7: =COUNTIF($C7:$W7,D7) -> 12 | AB7: =COUNTIF($C7:$W7,N7) -> 12 | AC7: =COUNTIF($C7:$W7,O7) -> 12 | AD7: =COUNTIF($C7:$W7,G7) -> 12 | AE7: =COUNTIF($C7:$W7,F7) -> 4 | AF7: =COUNTIF($C7:$W7,E7) -> 12 | AG7: =COUNTIF($C7:$W7,S7) -> 12 | AH7: =COUNTIF($C7:$W7,C7) -> 2 | AI7: =COUNTIF($C7:$W7,P7) -> 12 | AJ7: =COUNTIF($C7:$W7,M7) -> 4 | AK7: =COUNTIF($C7:$W7,I7) -> 1 | AL7: =COUNTIF($C7:$W7,Q7) -> 12 | AM7: =COUNTIF($C7:$W7,L7) -> 12 | AN7: =COUNTIF($C7:$W7,H7) -> 12 | AO7: =COUNTIF($C7:$W7,T7) -> 2 | AP7: =COUNTIF($C7:$W7,U7) -> 12 | AQ7: =COUNTIF($C7:$W7,V7) -> 4 | AR7: =COUNTIF($C7:$W7,W7) -> 12
A8: Machtday 1 | B8: Union Saint-Gilloise | C8: =VLOOKUP($C$2,Form_PrimeiraFase!$C$2:$FB$69,2,FALSE) -> PSV Eindhoven | D8: =VLOOKUP($D$2,Form_PrimeiraFase!$C$2:$FB$69,2,FALSE) -> PSV Eindhoven | E8: =VLOOKUP($E$2,Form_PrimeiraFase!$C$2:$FB$69,2,FALSE) -> PSV Eindhoven | F8: =VLOOKUP($F$2,Form_PrimeiraFase!$C$2:$FB$69,2,FALSE) -> PSV Eindhoven | G8: =VLOOKUP($G$2,Form_PrimeiraFase!$C$2:$FB$69,2,FALSE) -> PSV Eindhoven | H8: =VLOOKUP($H$2,Form_PrimeiraFase!$C$2:$FB$69,2,FALSE) -> PSV Eindhoven | I8: =VLOOKUP($I$2,Form_PrimeiraFase!$C$2:$FB$69,2,FALSE) -> PSV Eindhoven | J8: =VLOOKUP($J$2,Form_PrimeiraFase!$C$2:$FB$69,2,FALSE) -> PSV Eindhoven | K8: =VLOOKUP($K$2,Form_PrimeiraFase!$C$2:$FB$69,2,FALSE) -> PSV Eindhoven | L8: =VLOOKUP($L$2,Form_PrimeiraFase!$C$2:$FB$69,2,FALSE) -> PSV Eindhoven | M8: =VLOOKUP($M$2,Form_PrimeiraFase!$C$2:$FB$69,2,FALSE) -> PSV Eindhoven | N8: =VLOOKUP($N$2,Form_PrimeiraFase!$C$2:$FB$69,2,FALSE) -> PSV Eindhoven | O8: =VLOOKUP($O$2,Form_PrimeiraFase!$C$2:$FB$69,2,FALSE) -> PSV Eindhoven | P8: =VLOOKUP($P$2,Form_PrimeiraFase!$C$2:$FB$69,2,FALSE) -> PSV Eindhoven | Q8: =VLOOKUP($Q$2,Form_PrimeiraFase!$C$2:$FB$69,2,FALSE) -> PSV Eindhoven | R8: =VLOOKUP($R$2,Form_PrimeiraFase!$C$2:$FB$69,2,FALSE) -> PSV Eindhoven | S8: =VLOOKUP($S$2,Form_PrimeiraFase!$C$2:$FB$69,2,FALSE) -> PSV Eindhoven | T8: =VLOOKUP($T$2,Form_PrimeiraFase!$C$2:$FB$69,2,FALSE) -> PSV Eindhoven | U8: =VLOOKUP($U$2,Form_PrimeiraFase!$C$2:$FB$69,2,FALSE) -> Empate | V8: =VLOOKUP($V$2,Form_PrimeiraFase!$C$2:$FB$69,2,FALSE) -> PSV Eindhoven | W8: =VLOOKUP($W$2,Form_PrimeiraFase!$C$2:$FB$69,2,FALSE) -> PSV Eindhoven | X8: =COUNTIF($C8:$W8,J8) -> 20 | Y8: =COUNTIF($C8:$W8,K8) -> 20 | Z8: =COUNTIF($C8:$W8,R8) -> 20 | AA8: =COUNTIF($C8:$W8,D8) -> 20 | AB8: =COUNTIF($C8:$W8,N8) -> 20 | AC8: =COUNTIF($C8:$W8,O8) -> 20 | AD8: =COUNTIF($C8:$W8,G8) -> 20 | AE8: =COUNTIF($C8:$W8,F8) -> 20 | AF8: =COUNTIF($C8:$W8,E8) -> 20 | AG8: =COUNTIF($C8:$W8,S8) -> 20 | AH8: =COUNTIF($C8:$W8,C8) -> 20 | AI8: =COUNTIF($C8:$W8,P8) -> 20 | AJ8: =COUNTIF($C8:$W8,M8) -> 20 | AK8: =COUNTIF($C8:$W8,I8) -> 20 | AL8: =COUNTIF($C8:$W8,Q8) -> 20 | AM8: =COUNTIF($C8:$W8,L8) -> 20 | AN8: =COUNTIF($C8:$W8,H8) -> 20 | AO8: =COUNTIF($C8:$W8,T8) -> 20 | AP8: =COUNTIF($C8:$W8,U8) -> 1 | AQ8: =COUNTIF($C8:$W8,V8) -> 20 | AR8: =COUNTIF($C8:$W8,W8) -> 20
A9: Machtday 1 | B9: Arsenal | C9: =VLOOKUP($C$2,Form_PrimeiraFase!$C$2:$FB$69,3,FALSE) -> Arsenal | D9: =VLOOKUP($D$2,Form_PrimeiraFase!$C$2:$FB$69,3,FALSE) -> Arsenal | E9: =VLOOKUP($E$2,Form_PrimeiraFase!$C$2:$FB$69,3,FALSE) -> Arsenal | F9: =VLOOKUP($F$2,Form_PrimeiraFase!$C$2:$FB$69,3,FALSE) -> Arsenal | G9: =VLOOKUP($G$2,Form_PrimeiraFase!$C$2:$FB$69,3,FALSE) -> Arsenal | H9: =VLOOKUP($H$2,Form_PrimeiraFase!$C$2:$FB$69,3,FALSE) -> Arsenal | I9: =VLOOKUP($I$2,Form_PrimeiraFase!$C$2:$FB$69,3,FALSE) -> Arsenal | J9: =VLOOKUP($J$2,Form_PrimeiraFase!$C$2:$FB$69,3,FALSE) -> Arsenal | K9: =VLOOKUP($K$2,Form_PrimeiraFase!$C$2:$FB$69,3,FALSE) -> Arsenal | L9: =VLOOKUP($L$2,Form_PrimeiraFase!$C$2:$FB$69,3,FALSE) -> Arsenal | M9: =VLOOKUP($M$2,Form_PrimeiraFase!$C$2:$FB$69,3,FALSE) -> Arsenal | N9: =VLOOKUP($N$2,Form_PrimeiraFase!$C$2:$FB$69,3,FALSE) -> Arsenal | O9: =VLOOKUP($O$2,Form_PrimeiraFase!$C$2:$FB$69,3,FALSE) -> Arsenal | P9: =VLOOKUP($P$2,Form_PrimeiraFase!$C$2:$FB$69,3,FALSE) -> Empate | Q9: =VLOOKUP($Q$2,Form_PrimeiraFase!$C$2:$FB$69,3,FALSE) -> Arsenal | R9: =VLOOKUP($R$2,Form_PrimeiraFase!$C$2:$FB$69,3,FALSE) -> Arsenal | S9: =VLOOKUP($S$2,Form_PrimeiraFase!$C$2:$FB$69,3,FALSE) -> Arsenal | T9: =VLOOKUP($T$2,Form_PrimeiraFase!$C$2:$FB$69,3,FALSE) -> Arsenal | U9: =VLOOKUP($U$2,Form_PrimeiraFase!$C$2:$FB$69,3,FALSE) -> Empate | V9: =VLOOKUP($V$2,Form_PrimeiraFase!$C$2:$FB$69,3,FALSE) -> Arsenal | W9: =VLOOKUP($W$2,Form_PrimeiraFase!$C$2:$FB$69,3,FALSE) -> Arsenal | X9: =COUNTIF($C9:$W9,J9) -> 19 | Y9: =COUNTIF($C9:$W9,K9) -> 19 | Z9: =COUNTIF($C9:$W9,R9) -> 19 | AA9: =COUNTIF($C9:$W9,D9) -> 19 | AB9: =COUNTIF($C9:$W9,N9) -> 19 | AC9: =COUNTIF($C9:$W9,O9) -> 19 | AD9: =COUNTIF($C9:$W9,G9) -> 19 | AE9: =COUNTIF($C9:$W9,F9) -> 19 | AF9: =COUNTIF($C9:$W9,E9) -> 19 | AG9: =COUNTIF($C9:$W9,S9) -> 19 | AH9: =COUNTIF($C9:$W9,C9) -> 19 | AI9: =COUNTIF($C9:$W9,P9) -> 2 | AJ9: =COUNTIF($C9:$W9,M9) -> 19 | AK9: =COUNTIF($C9:$W9,I9) -> 19 | AL9: =COUNTIF($C9:$W9,Q9) -> 19 | AM9: =COUNTIF($C9:$W9,L9) -> 19 | AN9: =COUNTIF($C9:$W9,H9) -> 19 | AO9: =COUNTIF($C9:$W9,T9) -> 19 | AP9: =COUNTIF($C9:$W9,U9) -> 2 | AQ9: =COUNTIF($C9:$W9,V9) -> 19 | AR9: =COUNTIF($C9:$W9,W9) -> 19
A10: Machtday 1 | B10: Real Madrid | C10: =VLOOKUP($C$2,Form_PrimeiraFase!$C$2:$FB$69,4,FALSE) -> Real Madrid | D10: =VLOOKUP($D$2,Form_PrimeiraFase!$C$2:$FB$69,4,FALSE) -> Real Madrid | E10: =VLOOKUP($E$2,Form_PrimeiraFase!$C$2:$FB$69,4,FALSE) -> Real Madrid | F10: =VLOOKUP($F$2,Form_PrimeiraFase!$C$2:$FB$69,4,FALSE) -> Real Madrid | G10: =VLOOKUP($G$2,Form_PrimeiraFase!$C$2:$FB$69,4,FALSE) -> Real Madrid | H10: =VLOOKUP($H$2,Form_PrimeiraFase!$C$2:$FB$69,4,FALSE) -> Real Madrid | I10: =VLOOKUP($I$2,Form_PrimeiraFase!$C$2:$FB$69,4,FALSE) -> Real Madrid | J10: =VLOOKUP($J$2,Form_PrimeiraFase!$C$2:$FB$69,4,FALSE) -> Real Madrid | K10: =VLOOKUP($K$2,Form_PrimeiraFase!$C$2:$FB$69,4,FALSE) -> Real Madrid | L10: =VLOOKUP($L$2,Form_PrimeiraFase!$C$2:$FB$69,4,FALSE) -> Real Madrid | M10: =VLOOKUP($M$2,Form_PrimeiraFase!$C$2:$FB$69,4,FALSE) -> Real Madrid | N10: =VLOOKUP($N$2,Form_PrimeiraFase!$C$2:$FB$69,4,FALSE) -> Real Madrid | O10: =VLOOKUP($O$2,Form_PrimeiraFase!$C$2:$FB$69,4,FALSE) -> Real Madrid | P10: =VLOOKUP($P$2,Form_PrimeiraFase!$C$2:$FB$69,4,FALSE) -> Real Madrid | Q10: =VLOOKUP($Q$2,Form_PrimeiraFase!$C$2:$FB$69,4,FALSE) -> Real Madrid | R10: =VLOOKUP($R$2,Form_PrimeiraFase!$C$2:$FB$69,4,FALSE) -> Real Madrid | S10: =VLOOKUP($S$2,Form_PrimeiraFase!$C$2:$FB$69,4,FALSE) -> Real Madrid | T10: =VLOOKUP($T$2,Form_PrimeiraFase!$C$2:$FB$69,4,FALSE) -> Real Madrid | U10: =VLOOKUP($U$2,Form_PrimeiraFase!$C$2:$FB$69,4,FALSE) -> Real Madrid | V10: =VLOOKUP($V$2,Form_PrimeiraFase!$C$2:$FB$69,4,FALSE) -> Real Madrid | W10: =VLOOKUP($W$2,Form_PrimeiraFase!$C$2:$FB$69,4,FALSE) -> Real Madrid | X10: =COUNTIF($C10:$W10,J10) -> 21 | Y10: =COUNTIF($C10:$W10,K10) -> 21 | Z10: =COUNTIF($C10:$W10,R10) -> 21 | AA10: =COUNTIF($C10:$W10,D10) -> 21 | AB10: =COUNTIF($C10:$W10,N10) -> 21 | AC10: =COUNTIF($C10:$W10,O10) -> 21 | AD10: =COUNTIF($C10:$W10,G10) -> 21 | AE10: =COUNTIF($C10:$W10,F10) -> 21 | AF10: =COUNTIF($C10:$W10,E10) -> 21 | AG10: =COUNTIF($C10:$W10,S10) -> 21 | AH10: =COUNTIF($C10:$W10,C10) -> 21 | AI10: =COUNTIF($C10:$W10,P10) -> 21 | AJ10: =COUNTIF($C10:$W10,M10) -> 21 | AK10: =COUNTIF($C10:$W10,I10) -> 21 | AL10: =COUNTIF($C10:$W10,Q10) -> 21 | AM10: =COUNTIF($C10:$W10,L10) -> 21 | AN10: =COUNTIF($C10:$W10,H10) -> 21 | AO10: =COUNTIF($C10:$W10,T10) -> 21 | AP10: =COUNTIF($C10:$W10,U10) -> 21 | AQ10: =COUNTIF($C10:$W10,V10) -> 21 | AR10: =COUNTIF($C10:$W10,W10) -> 21
A11: Machtday 1 | B11: Qarabag | C11: =VLOOKUP($C$2,Form_PrimeiraFase!$C$2:$FB$69,5,FALSE) -> Benfica | D11: =VLOOKUP($D$2,Form_PrimeiraFase!$C$2:$FB$69,5,FALSE) -> Benfica | E11: =VLOOKUP($E$2,Form_PrimeiraFase!$C$2:$FB$69,5,FALSE) -> Benfica | F11: =VLOOKUP($F$2,Form_PrimeiraFase!$C$2:$FB$69,5,FALSE) -> Benfica | G11: =VLOOKUP($G$2,Form_PrimeiraFase!$C$2:$FB$69,5,FALSE) -> Benfica | H11: =VLOOKUP($H$2,Form_PrimeiraFase!$C$2:$FB$69,5,FALSE) -> Benfica | I11: =VLOOKUP($I$2,Form_PrimeiraFase!$C$2:$FB$69,5,FALSE) -> Benfica | J11: =VLOOKUP($J$2,Form_PrimeiraFase!$C$2:$FB$69,5,FALSE) -> Benfica | K11: =VLOOKUP($K$2,Form_PrimeiraFase!$C$2:$FB$69,5,FALSE) -> Benfica | L11: =VLOOKUP($L$2,Form_PrimeiraFase!$C$2:$FB$69,5,FALSE) -> Benfica | M11: =VLOOKUP($M$2,Form_PrimeiraFase!$C$2:$FB$69,5,FALSE) -> Benfica | N11: =VLOOKUP($N$2,Form_PrimeiraFase!$C$2:$FB$69,5,FALSE) -> Benfica | O11: =VLOOKUP($O$2,Form_PrimeiraFase!$C$2:$FB$69,5,FALSE) -> Benfica | P11: =VLOOKUP($P$2,Form_PrimeiraFase!$C$2:$FB$69,5,FALSE) -> Benfica | Q11: =VLOOKUP($Q$2,Form_PrimeiraFase!$C$2:$FB$69,5,FALSE) -> Benfica | R11: =VLOOKUP($R$2,Form_PrimeiraFase!$C$2:$FB$69,5,FALSE) -> Benfica | S11: =VLOOKUP($S$2,Form_PrimeiraFase!$C$2:$FB$69,5,FALSE) -> Benfica | T11: =VLOOKUP($T$2,Form_PrimeiraFase!$C$2:$FB$69,5,FALSE) -> Benfica | U11: =VLOOKUP($U$2,Form_PrimeiraFase!$C$2:$FB$69,5,FALSE) -> Benfica | V11: =VLOOKUP($V$2,Form_PrimeiraFase!$C$2:$FB$69,5,FALSE) -> Benfica | W11: =VLOOKUP($W$2,Form_PrimeiraFase!$C$2:$FB$69,5,FALSE) -> Benfica | X11: =COUNTIF($C11:$W11,J11) -> 21 | Y11: =COUNTIF($C11:$W11,K11) -> 21 | Z11: =COUNTIF($C11:$W11,R11) -> 21 | AA11: =COUNTIF($C11:$W11,D11) -> 21 | AB11: =COUNTIF($C11:$W11,N11) -> 21 | AC11: =COUNTIF($C11:$W11,O11) -> 21 | AD11: =COUNTIF($C11:$W11,G11) -> 21 | AE11: =COUNTIF($C11:$W11,F11) -> 21 | AF11: =COUNTIF($C11:$W11,E11) -> 21 | AG11: =COUNTIF($C11:$W11,S11) -> 21 | AH11: =COUNTIF($C11:$W11,C11) -> 21 | AI11: =COUNTIF($C11:$W11,P11) -> 21 | AJ11: =COUNTIF($C11:$W11,M11) -> 21 | AK11: =COUNTIF($C11:$W11,I11) -> 21 | AL11: =COUNTIF($C11:$W11,Q11) -> 21 | AM11: =COUNTIF($C11:$W11,L11) -> 21 | AN11: =COUNTIF($C11:$W11,H11) -> 21 | AO11: =COUNTIF($C11:$W11,T11) -> 21 | AP11: =COUNTIF($C11:$W11,U11) -> 21 | AQ11: =COUNTIF($C11:$W11,V11) -> 21 | AR11: =COUNTIF($C11:$W11,W11) -> 21
A12: Machtday 1 | B12: Empate | C12: =VLOOKUP($C$2,Form_PrimeiraFase!$C$2:$FB$69,6,FALSE) -> Juventus | D12: =VLOOKUP($D$2,Form_PrimeiraFase!$C$2:$FB$69,6,FALSE) -> Juventus | E12: =VLOOKUP($E$2,Form_PrimeiraFase!$C$2:$FB$69,6,FALSE) -> Borussia Dortmund | F12: =VLOOKUP($F$2,Form_PrimeiraFase!$C$2:$FB$69,6,FALSE) -> Juventus | G12: =VLOOKUP($G$2,Form_PrimeiraFase!$C$2:$FB$69,6,FALSE) -> Juventus | H12: =VLOOKUP($H$2,Form_PrimeiraFase!$C$2:$FB$69,6,FALSE) -> Juventus | I12: =VLOOKUP($I$2,Form_PrimeiraFase!$C$2:$FB$69,6,FALSE) -> Borussia Dortmund | J12: =VLOOKUP($J$2,Form_PrimeiraFase!$C$2:$FB$69,6,FALSE) -> Juventus | K12: =VLOOKUP($K$2,Form_PrimeiraFase!$C$2:$FB$69,6,FALSE) -> Borussia Dortmund | L12: =VLOOKUP($L$2,Form_PrimeiraFase!$C$2:$FB$69,6,FALSE) -> Juventus | M12: =VLOOKUP($M$2,Form_PrimeiraFase!$C$2:$FB$69,6,FALSE) -> Juventus | N12: =VLOOKUP($N$2,Form_PrimeiraFase!$C$2:$FB$69,6,FALSE) -> Juventus | O12: =VLOOKUP($O$2,Form_PrimeiraFase!$C$2:$FB$69,6,FALSE) -> Empate | P12: =VLOOKUP($P$2,Form_PrimeiraFase!$C$2:$FB$69,6,FALSE) -> Juventus | Q12: =VLOOKUP($Q$2,Form_PrimeiraFase!$C$2:$FB$69,6,FALSE) -> Juventus | R12: =VLOOKUP($R$2,Form_PrimeiraFase!$C$2:$FB$69,6,FALSE) -> Borussia Dortmund | S12: =VLOOKUP($S$2,Form_PrimeiraFase!$C$2:$FB$69,6,FALSE) -> Juventus | T12: =VLOOKUP($T$2,Form_PrimeiraFase!$C$2:$FB$69,6,FALSE) -> Borussia Dortmund | U12: =VLOOKUP($U$2,Form_PrimeiraFase!$C$2:$FB$69,6,FALSE) -> Empate | V12: =VLOOKUP($V$2,Form_PrimeiraFase!$C$2:$FB$69,6,FALSE) -> Borussia Dortmund | W12: =VLOOKUP($W$2,Form_PrimeiraFase!$C$2:$FB$69,6,FALSE) -> Empate | X12: =COUNTIF($C12:$W12,J12) -> 12 | Y12: =COUNTIF($C12:$W12,K12) -> 6 | Z12: =COUNTIF($C12:$W12,R12) -> 6 | AA12: =COUNTIF($C12:$W12,D12) -> 12 | AB12: =COUNTIF($C12:$W12,N12) -> 12 | AC12: =COUNTIF($C12:$W12,O12) -> 3 | AD12: =COUNTIF($C12:$W12,G12) -> 12 | AE12: =COUNTIF($C12:$W12,F12) -> 12 | AF12: =COUNTIF($C12:$W12,E12) -> 6 | AG12: =COUNTIF($C12:$W12,S12) -> 12 | AH12: =COUNTIF($C12:$W12,C12) -> 12 | AI12: =COUNTIF($C12:$W12,P12) -> 12 | AJ12: =COUNTIF($C12:$W12,M12) -> 12 | AK12: =COUNTIF($C12:$W12,I12) -> 6 | AL12: =COUNTIF($C12:$W12,Q12) -> 12 | AM12: =COUNTIF($C12:$W12,L12) -> 12 | AN12: =COUNTIF($C12:$W12,H12) -> 12 | AO12: =COUNTIF($C12:$W12,T12) -> 6 | AP12: =COUNTIF($C12:$W12,U12) -> 3 | AQ12: =COUNTIF($C12:$W12,V12) -> 6 | AR12: =COUNTIF($C12:$W12,W12) -> 3
A13: Machtday 1 | B13: Tottenham | C13: =VLOOKUP($C$2,Form_PrimeiraFase!$C$2:$FB$69,7,FALSE) -> Tottenham | D13: =VLOOKUP($D$2,Form_PrimeiraFase!$C$2:$FB$69,7,FALSE) -> Tottenham | E13: =VLOOKUP($E$2,Form_PrimeiraFase!$C$2:$FB$69,7,FALSE) -> Tottenham | F13: =VLOOKUP($F$2,Form_PrimeiraFase!$C$2:$FB$69,7,FALSE) -> Tottenham | G13: =VLOOKUP($G$2,Form_PrimeiraFase!$C$2:$FB$69,7,FALSE) -> Tottenham | H13: =VLOOKUP($H$2,Form_PrimeiraFase!$C$2:$FB$69,7,FALSE) -> Tottenham | I13: =VLOOKUP($I$2,Form_PrimeiraFase!$C$2:$FB$69,7,FALSE) -> Tottenham | J13: =VLOOKUP($J$2,Form_PrimeiraFase!$C$2:$FB$69,7,FALSE) -> Empate | K13: =VLOOKUP($K$2,Form_PrimeiraFase!$C$2:$FB$69,7,FALSE) -> Tottenham | L13: =VLOOKUP($L$2,Form_PrimeiraFase!$C$2:$FB$69,7,FALSE) -> Tottenham | M13: =VLOOKUP($M$2,Form_PrimeiraFase!$C$2:$FB$69,7,FALSE) -> Empate | N13: =VLOOKUP($N$2,Form_PrimeiraFase!$C$2:$FB$69,7,FALSE) -> Tottenham | O13: =VLOOKUP($O$2,Form_PrimeiraFase!$C$2:$FB$69,7,FALSE) -> Tottenham | P13: =VLOOKUP($P$2,Form_PrimeiraFase!$C$2:$FB$69,7,FALSE) -> Tottenham | Q13: =VLOOKUP($Q$2,Form_PrimeiraFase!$C$2:$FB$69,7,FALSE) -> Villarreal | R13: =VLOOKUP($R$2,Form_PrimeiraFase!$C$2:$FB$69,7,FALSE) -> Tottenham | S13: =VLOOKUP($S$2,Form_PrimeiraFase!$C$2:$FB$69,7,FALSE) -> Tottenham | T13: =VLOOKUP($T$2,Form_PrimeiraFase!$C$2:$FB$69,7,FALSE) -> Empate | U13: =VLOOKUP($U$2,Form_PrimeiraFase!$C$2:$FB$69,7,FALSE) -> Empate | V13: =VLOOKUP($V$2,Form_PrimeiraFase!$C$2:$FB$69,7,FALSE) -> Tottenham | W13: =VLOOKUP($W$2,Form_PrimeiraFase!$C$2:$FB$69,7,FALSE) -> Tottenham | X13: =COUNTIF($C13:$W13,J13) -> 4 | Y13: =COUNTIF($C13:$W13,K13) -> 16 | Z13: =COUNTIF($C13:$W13,R13) -> 16 | AA13: =COUNTIF($C13:$W13,D13) -> 16 | AB13: =COUNTIF($C13:$W13,N13) -> 16 | AC13: =COUNTIF($C13:$W13,O13) -> 16 | AD13: =COUNTIF($C13:$W13,G13) -> 16 | AE13: =COUNTIF($C13:$W13,F13) -> 16 | AF13: =COUNTIF($C13:$W13,E13) -> 16 | AG13: =COUNTIF($C13:$W13,S13) -> 16 | AH13: =COUNTIF($C13:$W13,C13) -> 16 | AI13: =COUNTIF($C13:$W13,P13) -> 16 | AJ13: =COUNTIF($C13:$W13,M13) -> 4 | AK13: =COUNTIF($C13:$W13,I13) -> 16 | AL13: =COUNTIF($C13:$W13,Q13) -> 1 | AM13: =COUNTIF($C13:$W13,L13) -> 16 | AN13: =COUNTIF($C13:$W13,H13) -> 16 | AO13: =COUNTIF($C13:$W13,T13) -> 4 | AP13: =COUNTIF($C13:$W13,U13) -> 4 | AQ13: =COUNTIF($C13:$W13,V13) -> 16 | AR13: =COUNTIF($C13:$W13,W13) -> 16
A14: Machtday 1 | B14: Empate | C14: =VLOOKUP($C$2,Form_PrimeiraFase!$C$2:$FB$69,8,FALSE) -> Olympiacos | D14: =VLOOKUP($D$2,Form_PrimeiraFase!$C$2:$FB$69,8,FALSE) -> Olympiacos | E14: =VLOOKUP($E$2,Form_PrimeiraFase!$C$2:$FB$69,8,FALSE) -> Olympiacos | F14: =VLOOKUP($F$2,Form_PrimeiraFase!$C$2:$FB$69,8,FALSE) -> Olympiacos | G14: =VLOOKUP($G$2,Form_PrimeiraFase!$C$2:$FB$69,8,FALSE) -> Olympiacos | H14: =VLOOKUP($H$2,Form_PrimeiraFase!$C$2:$FB$69,8,FALSE) -> Olympiacos | I14: =VLOOKUP($I$2,Form_PrimeiraFase!$C$2:$FB$69,8,FALSE) -> Olympiacos | J14: =VLOOKUP($J$2,Form_PrimeiraFase!$C$2:$FB$69,8,FALSE) -> Olympiacos | K14: =VLOOKUP($K$2,Form_PrimeiraFase!$C$2:$FB$69,8,FALSE) -> Olympiacos | L14: =VLOOKUP($L$2,Form_PrimeiraFase!$C$2:$FB$69,8,FALSE) -> Olympiacos | M14: =VLOOKUP($M$2,Form_PrimeiraFase!$C$2:$FB$69,8,FALSE) -> Olympiacos | N14: =VLOOKUP($N$2,Form_PrimeiraFase!$C$2:$FB$69,8,FALSE) -> Olympiacos | O14: =VLOOKUP($O$2,Form_PrimeiraFase!$C$2:$FB$69,8,FALSE) -> Empate | P14: =VLOOKUP($P$2,Form_PrimeiraFase!$C$2:$FB$69,8,FALSE) -> Olympiacos | Q14: =VLOOKUP($Q$2,Form_PrimeiraFase!$C$2:$FB$69,8,FALSE) -> Olympiacos | R14: =VLOOKUP($R$2,Form_PrimeiraFase!$C$2:$FB$69,8,FALSE) -> Empate | S14: =VLOOKUP($S$2,Form_PrimeiraFase!$C$2:$FB$69,8,FALSE) -> Empate | T14: =VLOOKUP($T$2,Form_PrimeiraFase!$C$2:$FB$69,8,FALSE) -> Olympiacos | U14: =VLOOKUP($U$2,Form_PrimeiraFase!$C$2:$FB$69,8,FALSE) -> Empate | V14: =VLOOKUP($V$2,Form_PrimeiraFase!$C$2:$FB$69,8,FALSE) -> Olympiacos | W14: =VLOOKUP($W$2,Form_PrimeiraFase!$C$2:$FB$69,8,FALSE) -> Olympiacos | X14: =COUNTIF($C14:$W14,J14) -> 17 | Y14: =COUNTIF($C14:$W14,K14) -> 17 | Z14: =COUNTIF($C14:$W14,R14) -> 4 | AA14: =COUNTIF($C14:$W14,D14) -> 17 | AB14: =COUNTIF($C14:$W14,N14) -> 17 | AC14: =COUNTIF($C14:$W14,O14) -> 4 | AD14: =COUNTIF($C14:$W14,G14) -> 17 | AE14: =COUNTIF($C14:$W14,F14) -> 17 | AF14: =COUNTIF($C14:$W14,E14) -> 17 | AG14: =COUNTIF($C14:$W14,S14) -> 4 | AH14: =COUNTIF($C14:$W14,C14) -> 17 | AI14: =COUNTIF($C14:$W14,P14) -> 17 | AJ14: =COUNTIF($C14:$W14,M14) -> 17 | AK14: =COUNTIF($C14:$W14,I14) -> 17 | AL14: =COUNTIF($C14:$W14,Q14) -> 17 | AM14: =COUNTIF($C14:$W14,L14) -> 17 | AN14: =COUNTIF($C14:$W14,H14) -> 17 | AO14: =COUNTIF($C14:$W14,T14) -> 17 | AP14: =COUNTIF($C14:$W14,U14) -> 4 | AQ14: =COUNTIF($C14:$W14,V14) -> 17 | AR14: =COUNTIF($C14:$W14,W14) -> 17
A15: Machtday 1 | B15: Empate | C15: =VLOOKUP($C$2,Form_PrimeiraFase!$C$2:$FB$69,9,FALSE) -> Slavia Praga | D15: =VLOOKUP($D$2,Form_PrimeiraFase!$C$2:$FB$69,9,FALSE) -> Slavia Praga | E15: =VLOOKUP($E$2,Form_PrimeiraFase!$C$2:$FB$69,9,FALSE) -> Empate | F15: =VLOOKUP($F$2,Form_PrimeiraFase!$C$2:$FB$69,9,FALSE) -> Slavia Praga | G15: =VLOOKUP($G$2,Form_PrimeiraFase!$C$2:$FB$69,9,FALSE) -> Empate | H15: =VLOOKUP($H$2,Form_PrimeiraFase!$C$2:$FB$69,9,FALSE) -> Slavia Praga | I15: =VLOOKUP($I$2,Form_PrimeiraFase!$C$2:$FB$69,9,FALSE) -> Slavia Praga | J15: =VLOOKUP($J$2,Form_PrimeiraFase!$C$2:$FB$69,9,FALSE) -> Slavia Praga | K15: =VLOOKUP($K$2,Form_PrimeiraFase!$C$2:$FB$69,9,FALSE) -> Bodö/Glimt | L15: =VLOOKUP($L$2,Form_PrimeiraFase!$C$2:$FB$69,9,FALSE) -> Slavia Praga | M15: =VLOOKUP($M$2,Form_PrimeiraFase!$C$2:$FB$69,9,FALSE) -> Slavia Praga | N15: =VLOOKUP($N$2,Form_PrimeiraFase!$C$2:$FB$69,9,FALSE) -> Slavia Praga | O15: =VLOOKUP($O$2,Form_PrimeiraFase!$C$2:$FB$69,9,FALSE) -> Slavia Praga | P15: =VLOOKUP($P$2,Form_PrimeiraFase!$C$2:$FB$69,9,FALSE) -> Slavia Praga | Q15: =VLOOKUP($Q$2,Form_PrimeiraFase!$C$2:$FB$69,9,FALSE) -> Slavia Praga | R15: =VLOOKUP($R$2,Form_PrimeiraFase!$C$2:$FB$69,9,FALSE) -> Empate | S15: =VLOOKUP($S$2,Form_PrimeiraFase!$C$2:$FB$69,9,FALSE) -> Empate | T15: =VLOOKUP($T$2,Form_PrimeiraFase!$C$2:$FB$69,9,FALSE) -> Slavia Praga | U15: =VLOOKUP($U$2,Form_PrimeiraFase!$C$2:$FB$69,9,FALSE) -> Empate | V15: =VLOOKUP($V$2,Form_PrimeiraFase!$C$2:$FB$69,9,FALSE) -> Empate | W15: =VLOOKUP($W$2,Form_PrimeiraFase!$C$2:$FB$69,9,FALSE) -> Slavia Praga | X15: =COUNTIF($C15:$W15,J15) -> 14 | Y15: =COUNTIF($C15:$W15,K15) -> 1 | Z15: =COUNTIF($C15:$W15,R15) -> 6 | AA15: =COUNTIF($C15:$W15,D15) -> 14 | AB15: =COUNTIF($C15:$W15,N15) -> 14 | AC15: =COUNTIF($C15:$W15,O15) -> 14 | AD15: =COUNTIF($C15:$W15,G15) -> 6 | AE15: =COUNTIF($C15:$W15,F15) -> 14 | AF15: =COUNTIF($C15:$W15,E15) -> 6 | AG15: =COUNTIF($C15:$W15,S15) -> 6 | AH15: =COUNTIF($C15:$W15,C15) -> 14 | AI15: =COUNTIF($C15:$W15,P15) -> 14 | AJ15: =COUNTIF($C15:$W15,M15) -> 14 | AK15: =COUNTIF($C15:$W15,I15) -> 14 | AL15: =COUNTIF($C15:$W15,Q15) -> 14 | AM15: =COUNTIF($C15:$W15,L15) -> 14 | AN15: =COUNTIF($C15:$W15,H15) -> 14 | AO15: =COUNTIF($C15:$W15,T15) -> 14 | AP15: =COUNTIF($C15:$W15,U15) -> 6 | AQ15: =COUNTIF($C15:$W15,V15) -> 6 | AR15: =COUNTIF($C15:$W15,W15) -> 14
A16: Machtday 1 | B16: Paris Saint-Germain | C16: =VLOOKUP($C$2,Form_PrimeiraFase!$C$2:$FB$69,10,FALSE) -> Paris Saint-Germain | D16: =VLOOKUP($D$2,Form_PrimeiraFase!$C$2:$FB$69,10,FALSE) -> Paris Saint-Germain | E16: =VLOOKUP($E$2,Form_PrimeiraFase!$C$2:$FB$69,10,FALSE) -> Paris Saint-Germain | F16: =VLOOKUP($F$2,Form_PrimeiraFase!$C$2:$FB$69,10,FALSE) -> Paris Saint-Germain | G16: =VLOOKUP($G$2,Form_PrimeiraFase!$C$2:$FB$69,10,FALSE) -> Paris Saint-Germain | H16: =VLOOKUP($H$2,Form_PrimeiraFase!$C$2:$FB$69,10,FALSE) -> Paris Saint-Germain | I16: =VLOOKUP($I$2,Form_PrimeiraFase!$C$2:$FB$69,10,FALSE) -> Paris Saint-Germain | J16: =VLOOKUP($J$2,Form_PrimeiraFase!$C$2:$FB$69,10,FALSE) -> Paris Saint-Germain | K16: =VLOOKUP($K$2,Form_PrimeiraFase!$C$2:$FB$69,10,FALSE) -> Paris Saint-Germain | L16: =VLOOKUP($L$2,Form_PrimeiraFase!$C$2:$FB$69,10,FALSE) -> Paris Saint-Germain | M16: =VLOOKUP($M$2,Form_PrimeiraFase!$C$2:$FB$69,10,FALSE) -> Paris Saint-Germain | N16: =VLOOKUP($N$2,Form_PrimeiraFase!$C$2:$FB$69,10,FALSE) -> Paris Saint-Germain | O16: =VLOOKUP($O$2,Form_PrimeiraFase!$C$2:$FB$69,10,FALSE) -> Paris Saint-Germain | P16: =VLOOKUP($P$2,Form_PrimeiraFase!$C$2:$FB$69,10,FALSE) -> Paris Saint-Germain | Q16: =VLOOKUP($Q$2,Form_PrimeiraFase!$C$2:$FB$69,10,FALSE) -> Paris Saint-Germain | R16: =VLOOKUP($R$2,Form_PrimeiraFase!$C$2:$FB$69,10,FALSE) -> Paris Saint-Germain | S16: =VLOOKUP($S$2,Form_PrimeiraFase!$C$2:$FB$69,10,FALSE) -> Paris Saint-Germain | T16: =VLOOKUP($T$2,Form_PrimeiraFase!$C$2:$FB$69,10,FALSE) -> Paris Saint-Germain | U16: =VLOOKUP($U$2,Form_PrimeiraFase!$C$2:$FB$69,10,FALSE) -> Paris Saint-Germain | V16: =VLOOKUP($V$2,Form_PrimeiraFase!$C$2:$FB$69,10,FALSE) -> Paris Saint-Germain | W16: =VLOOKUP($W$2,Form_PrimeiraFase!$C$2:$FB$69,10,FALSE) -> Paris Saint-Germain | X16: =COUNTIF($C16:$W16,J16) -> 21 | Y16: =COUNTIF($C16:$W16,K16) -> 21 | Z16: =COUNTIF($C16:$W16,R16) -> 21 | AA16: =COUNTIF($C16:$W16,D16) -> 21 | AB16: =COUNTIF($C16:$W16,N16) -> 21 | AC16: =COUNTIF($C16:$W16,O16) -> 21 | AD16: =COUNTIF($C16:$W16,G16) -> 21 | AE16: =COUNTIF($C16:$W16,F16) -> 21 | AF16: =COUNTIF($C16:$W16,E16) -> 21 | AG16: =COUNTIF($C16:$W16,S16) -> 21 | AH16: =COUNTIF($C16:$W16,C16) -> 21 | AI16: =COUNTIF($C16:$W16,P16) -> 21 | AJ16: =COUNTIF($C16:$W16,M16) -> 21 | AK16: =COUNTIF($C16:$W16,I16) -> 21 | AL16: =COUNTIF($C16:$W16,Q16) -> 21 | AM16: =COUNTIF($C16:$W16,L16) -> 21 | AN16: =COUNTIF($C16:$W16,H16) -> 21 | AO16: =COUNTIF($C16:$W16,T16) -> 21 | AP16: =COUNTIF($C16:$W16,U16) -> 21 | AQ16: =COUNTIF($C16:$W16,V16) -> 21 | AR16: =COUNTIF($C16:$W16,W16) -> 21
A17: Machtday 1 | B17: Bayern de Munique | C17: =VLOOKUP($C$2,Form_PrimeiraFase!$C$2:$FB$69,11,FALSE) -> Bayern de Munique | D17: =VLOOKUP($D$2,Form_PrimeiraFase!$C$2:$FB$69,11,FALSE) -> Bayern de Munique | E17: =VLOOKUP($E$2,Form_PrimeiraFase!$C$2:$FB$69,11,FALSE) -> Bayern de Munique | F17: =VLOOKUP($F$2,Form_PrimeiraFase!$C$2:$FB$69,11,FALSE) -> Empate | G17: =VLOOKUP($G$2,Form_PrimeiraFase!$C$2:$FB$69,11,FALSE) -> Bayern de Munique | H17: =VLOOKUP($H$2,Form_PrimeiraFase!$C$2:$FB$69,11,FALSE) -> Bayern de Munique | I17: =VLOOKUP($I$2,Form_PrimeiraFase!$C$2:$FB$69,11,FALSE) -> Bayern de Munique | J17: =VLOOKUP($J$2,Form_PrimeiraFase!$C$2:$FB$69,11,FALSE) -> Bayern de Munique | K17: =VLOOKUP($K$2,Form_PrimeiraFase!$C$2:$FB$69,11,FALSE) -> Chelsea | L17: =VLOOKUP($L$2,Form_PrimeiraFase!$C$2:$FB$69,11,FALSE) -> Empate | M17: =VLOOKUP($M$2,Form_PrimeiraFase!$C$2:$FB$69,11,FALSE) -> Empate | N17: =VLOOKUP($N$2,Form_PrimeiraFase!$C$2:$FB$69,11,FALSE) -> Bayern de Munique | O17: =VLOOKUP($O$2,Form_PrimeiraFase!$C$2:$FB$69,11,FALSE) -> Empate | P17: =VLOOKUP($P$2,Form_PrimeiraFase!$C$2:$FB$69,11,FALSE) -> Chelsea | Q17: =VLOOKUP($Q$2,Form_PrimeiraFase!$C$2:$FB$69,11,FALSE) -> Chelsea | R17: =VLOOKUP($R$2,Form_PrimeiraFase!$C$2:$FB$69,11,FALSE) -> Bayern de Munique | S17: =VLOOKUP($S$2,Form_PrimeiraFase!$C$2:$FB$69,11,FALSE) -> Bayern de Munique | T17: =VLOOKUP($T$2,Form_PrimeiraFase!$C$2:$FB$69,11,FALSE) -> Empate | U17: =VLOOKUP($U$2,Form_PrimeiraFase!$C$2:$FB$69,11,FALSE) -> Empate | V17: =VLOOKUP($V$2,Form_PrimeiraFase!$C$2:$FB$69,11,FALSE) -> Chelsea | W17: =VLOOKUP($W$2,Form_PrimeiraFase!$C$2:$FB$69,11,FALSE) -> Bayern de Munique | X17: =COUNTIF($C17:$W17,J17) -> 11 | Y17: =COUNTIF($C17:$W17,K17) -> 4 | Z17: =COUNTIF($C17:$W17,R17) -> 11 | AA17: =COUNTIF($C17:$W17,D17) -> 11 | AB17: =COUNTIF($C17:$W17,N17) -> 11 | AC17: =COUNTIF($C17:$W17,O17) -> 6 | AD17: =COUNTIF($C17:$W17,G17) -> 11 | AE17: =COUNTIF($C17:$W17,F17) -> 6 | AF17: =COUNTIF($C17:$W17,E17) -> 11 | AG17: =COUNTIF($C17:$W17,S17) -> 11 | AH17: =COUNTIF($C17:$W17,C17) -> 11 | AI17: =COUNTIF($C17:$W17,P17) -> 4 | AJ17: =COUNTIF($C17:$W17,M17) -> 6 | AK17: =COUNTIF($C17:$W17,I17) -> 11 | AL17: =COUNTIF($C17:$W17,Q17) -> 4 | AM17: =COUNTIF($C17:$W17,L17) -> 6 | AN17: =COUNTIF($C17:$W17,H17) -> 11 | AO17: =COUNTIF($C17:$W17,T17) -> 6 | AP17: =COUNTIF($C17:$W17,U17) -> 6 | AQ17: =COUNTIF($C17:$W17,V17) -> 4 | AR17: =COUNTIF($C17:$W17,W17) -> 11
A18: Machtday 1 | B18: Liverpool | C18: =VLOOKUP($C$2,Form_PrimeiraFase!$C$2:$FB$69,12,FALSE) -> Liverpool | D18: =VLOOKUP($D$2,Form_PrimeiraFase!$C$2:$FB$69,12,FALSE) -> Liverpool | E18: =VLOOKUP($E$2,Form_PrimeiraFase!$C$2:$FB$69,12,FALSE) -> Liverpool | F18: =VLOOKUP($F$2,Form_PrimeiraFase!$C$2:$FB$69,12,FALSE) -> Liverpool | G18: =VLOOKUP($G$2,Form_PrimeiraFase!$C$2:$FB$69,12,FALSE) -> Liverpool | H18: =VLOOKUP($H$2,Form_PrimeiraFase!$C$2:$FB$69,12,FALSE) -> Liverpool | I18: =VLOOKUP($I$2,Form_PrimeiraFase!$C$2:$FB$69,12,FALSE) -> Liverpool | J18: =VLOOKUP($J$2,Form_PrimeiraFase!$C$2:$FB$69,12,FALSE) -> Liverpool | K18: =VLOOKUP($K$2,Form_PrimeiraFase!$C$2:$FB$69,12,FALSE) -> Liverpool | L18: =VLOOKUP($L$2,Form_PrimeiraFase!$C$2:$FB$69,12,FALSE) -> Empate | M18: =VLOOKUP($M$2,Form_PrimeiraFase!$C$2:$FB$69,12,FALSE) -> Liverpool | N18: =VLOOKUP($N$2,Form_PrimeiraFase!$C$2:$FB$69,12,FALSE) -> Liverpool | O18: =VLOOKUP($O$2,Form_PrimeiraFase!$C$2:$FB$69,12,FALSE) -> Liverpool | P18: =VLOOKUP($P$2,Form_PrimeiraFase!$C$2:$FB$69,12,FALSE) -> Liverpool | Q18: =VLOOKUP($Q$2,Form_PrimeiraFase!$C$2:$FB$69,12,FALSE) -> Liverpool | R18: =VLOOKUP($R$2,Form_PrimeiraFase!$C$2:$FB$69,12,FALSE) -> Liverpool | S18: =VLOOKUP($S$2,Form_PrimeiraFase!$C$2:$FB$69,12,FALSE) -> Liverpool | T18: =VLOOKUP($T$2,Form_PrimeiraFase!$C$2:$FB$69,12,FALSE) -> Liverpool | U18: =VLOOKUP($U$2,Form_PrimeiraFase!$C$2:$FB$69,12,FALSE) -> Liverpool | V18: =VLOOKUP($V$2,Form_PrimeiraFase!$C$2:$FB$69,12,FALSE) -> Atlético de Madrid | W18: =VLOOKUP($W$2,Form_PrimeiraFase!$C$2:$FB$69,12,FALSE) -> Liverpool | X18: =COUNTIF($C18:$W18,J18) -> 19 | Y18: =COUNTIF($C18:$W18,K18) -> 19 | Z18: =COUNTIF($C18:$W18,R18) -> 19 | AA18: =COUNTIF($C18:$W18,D18) -> 19 | AB18: =COUNTIF($C18:$W18,N18) -> 19 | AC18: =COUNTIF($C18:$W18,O18) -> 19 | AD18: =COUNTIF($C18:$W18,G18) -> 19 | AE18: =COUNTIF($C18:$W18,F18) -> 19 | AF18: =COUNTIF($C18:$W18,E18) -> 19 | AG18: =COUNTIF($C18:$W18,S18) -> 19 | AH18: =COUNTIF($C18:$W18,C18) -> 19 | AI18: =COUNTIF($C18:$W18,P18) -> 19 | AJ18: =COUNTIF($C18:$W18,M18) -> 19 | AK18: =COUNTIF($C18:$W18,I18) -> 19 | AL18: =COUNTIF($C18:$W18,Q18) -> 19 | AM18: =COUNTIF($C18:$W18,L18) -> 1 | AN18: =COUNTIF($C18:$W18,H18) -> 19 | AO18: =COUNTIF($C18:$W18,T18) -> 19 | AP18: =COUNTIF($C18:$W18,U18) -> 19 | AQ18: =COUNTIF($C18:$W18,V18) -> 1 | AR18: =COUNTIF($C18:$W18,W18) -> 19
A19: Machtday 1 | B19: Internazionale | C19: =VLOOKUP($C$2,Form_PrimeiraFase!$C$2:$FB$69,13,FALSE) -> Internazionale | D19: =VLOOKUP($D$2,Form_PrimeiraFase!$C$2:$FB$69,13,FALSE) -> Empate | E19: =VLOOKUP($E$2,Form_PrimeiraFase!$C$2:$FB$69,13,FALSE) -> Ajax | F19: =VLOOKUP($F$2,Form_PrimeiraFase!$C$2:$FB$69,13,FALSE) -> Internazionale | G19: =VLOOKUP($G$2,Form_PrimeiraFase!$C$2:$FB$69,13,FALSE) -> Empate | H19: =VLOOKUP($H$2,Form_PrimeiraFase!$C$2:$FB$69,13,FALSE) -> Ajax | I19: =VLOOKUP($I$2,Form_PrimeiraFase!$C$2:$FB$69,13,FALSE) -> Internazionale | J19: =VLOOKUP($J$2,Form_PrimeiraFase!$C$2:$FB$69,13,FALSE) -> Empate | K19: =VLOOKUP($K$2,Form_PrimeiraFase!$C$2:$FB$69,13,FALSE) -> Internazionale | L19: =VLOOKUP($L$2,Form_PrimeiraFase!$C$2:$FB$69,13,FALSE) -> Empate | M19: =VLOOKUP($M$2,Form_PrimeiraFase!$C$2:$FB$69,13,FALSE) -> Empate | N19: =VLOOKUP($N$2,Form_PrimeiraFase!$C$2:$FB$69,13,FALSE) -> Internazionale | O19: =VLOOKUP($O$2,Form_PrimeiraFase!$C$2:$FB$69,13,FALSE) -> Ajax | P19: =VLOOKUP($P$2,Form_PrimeiraFase!$C$2:$FB$69,13,FALSE) -> Internazionale | Q19: =VLOOKUP($Q$2,Form_PrimeiraFase!$C$2:$FB$69,13,FALSE) -> Empate | R19: =VLOOKUP($R$2,Form_PrimeiraFase!$C$2:$FB$69,13,FALSE) -> Internazionale | S19: =VLOOKUP($S$2,Form_PrimeiraFase!$C$2:$FB$69,13,FALSE) -> Empate | T19: =VLOOKUP($T$2,Form_PrimeiraFase!$C$2:$FB$69,13,FALSE) -> Ajax | U19: =VLOOKUP($U$2,Form_PrimeiraFase!$C$2:$FB$69,13,FALSE) -> Empate | V19: =VLOOKUP($V$2,Form_PrimeiraFase!$C$2:$FB$69,13,FALSE) -> Internazionale | W19: =VLOOKUP($W$2,Form_PrimeiraFase!$C$2:$FB$69,13,FALSE) -> Empate | X19: =COUNTIF($C19:$W19,J19) -> 9 | Y19: =COUNTIF($C19:$W19,K19) -> 8 | Z19: =COUNTIF($C19:$W19,R19) -> 8 | AA19: =COUNTIF($C19:$W19,D19) -> 9 | AB19: =COUNTIF($C19:$W19,N19) -> 8 | AC19: =COUNTIF($C19:$W19,O19) -> 4 | AD19: =COUNTIF($C19:$W19,G19) -> 9 | AE19: =COUNTIF($C19:$W19,F19) -> 8 | AF19: =COUNTIF($C19:$W19,E19) -> 4 | AG19: =COUNTIF($C19:$W19,S19) -> 9 | AH19: =COUNTIF($C19:$W19,C19) -> 8 | AI19: =COUNTIF($C19:$W19,P19) -> 8 | AJ19: =COUNTIF($C19:$W19,M19) -> 9 | AK19: =COUNTIF($C19:$W19,I19) -> 8 | AL19: =COUNTIF($C19:$W19,Q19) -> 9 | AM19: =COUNTIF($C19:$W19,L19) -> 9 | AN19: =COUNTIF($C19:$W19,H19) -> 4 | AO19: =COUNTIF($C19:$W19,T19) -> 4 | AP19: =COUNTIF($C19:$W19,U19) -> 9 | AQ19: =COUNTIF($C19:$W19,V19) -> 8 | AR19: =COUNTIF($C19:$W19,W19) -> 9
A20: Machtday 1 | B20: Club Brugge | C20: =VLOOKUP($C$2,Form_PrimeiraFase!$C$2:$FB$69,14,FALSE) -> Monaco | D20: =VLOOKUP($D$2,Form_PrimeiraFase!$C$2:$FB$69,14,FALSE) -> Monaco | E20: =VLOOKUP($E$2,Form_PrimeiraFase!$C$2:$FB$69,14,FALSE) -> Monaco | F20: =VLOOKUP($F$2,Form_PrimeiraFase!$C$2:$FB$69,14,FALSE) -> Empate | G20: =VLOOKUP($G$2,Form_PrimeiraFase!$C$2:$FB$69,14,FALSE) -> Club Brugge | H20: =VLOOKUP($H$2,Form_PrimeiraFase!$C$2:$FB$69,14,FALSE) -> Monaco | I20: =VLOOKUP($I$2,Form_PrimeiraFase!$C$2:$FB$69,14,FALSE) -> Club Brugge | J20: =VLOOKUP($J$2,Form_PrimeiraFase!$C$2:$FB$69,14,FALSE) -> Club Brugge | K20: =VLOOKUP($K$2,Form_PrimeiraFase!$C$2:$FB$69,14,FALSE) -> Empate | L20: =VLOOKUP($L$2,Form_PrimeiraFase!$C$2:$FB$69,14,FALSE) -> Club Brugge | M20: =VLOOKUP($M$2,Form_PrimeiraFase!$C$2:$FB$69,14,FALSE) -> Monaco | N20: =VLOOKUP($N$2,Form_PrimeiraFase!$C$2:$FB$69,14,FALSE) -> Empate | O20: =VLOOKUP($O$2,Form_PrimeiraFase!$C$2:$FB$69,14,FALSE) -> Empate | P20: =VLOOKUP($P$2,Form_PrimeiraFase!$C$2:$FB$69,14,FALSE) -> Empate | Q20: =VLOOKUP($Q$2,Form_PrimeiraFase!$C$2:$FB$69,14,FALSE) -> Empate | R20: =VLOOKUP($R$2,Form_PrimeiraFase!$C$2:$FB$69,14,FALSE) -> Empate | S20: =VLOOKUP($S$2,Form_PrimeiraFase!$C$2:$FB$69,14,FALSE) -> Club Brugge | T20: =VLOOKUP($T$2,Form_PrimeiraFase!$C$2:$FB$69,14,FALSE) -> Club Brugge | U20: =VLOOKUP($U$2,Form_PrimeiraFase!$C$2:$FB$69,14,FALSE) -> Empate | V20: =VLOOKUP($V$2,Form_PrimeiraFase!$C$2:$FB$69,14,FALSE) -> Club Brugge | W20: =VLOOKUP($W$2,Form_PrimeiraFase!$C$2:$FB$69,14,FALSE) -> Monaco | X20: =COUNTIF($C20:$W20,J20) -> 7 | Y20: =COUNTIF($C20:$W20,K20) -> 8 | Z20: =COUNTIF($C20:$W20,R20) -> 8 | AA20: =COUNTIF($C20:$W20,D20) -> 6 | AB20: =COUNTIF($C20:$W20,N20) -> 8 | AC20: =COUNTIF($C20:$W20,O20) -> 8 | AD20: =COUNTIF($C20:$W20,G20) -> 7 | AE20: =COUNTIF($C20:$W20,F20) -> 8 | AF20: =COUNTIF($C20:$W20,E20) -> 6 | AG20: =COUNTIF($C20:$W20,S20) -> 7 | AH20: =COUNTIF($C20:$W20,C20) -> 6 | AI20: =COUNTIF($C20:$W20,P20) -> 8 | AJ20: =COUNTIF($C20:$W20,M20) -> 6 | AK20: =COUNTIF($C20:$W20,I20) -> 7 | AL20: =COUNTIF($C20:$W20,Q20) -> 8 | AM20: =COUNTIF($C20:$W20,L20) -> 7 | AN20: =COUNTIF($C20:$W20,H20) -> 6 | AO20: =COUNTIF($C20:$W20,T20) -> 7 | AP20: =COUNTIF($C20:$W20,U20) -> 8 | AQ20: =COUNTIF($C20:$W20,V20) -> 7 | AR20: =COUNTIF($C20:$W20,W20) -> 6
A21: Machtday 1 | B21: Empate | C21: =VLOOKUP($C$2,Form_PrimeiraFase!$C$2:$FB$69,15,FALSE) -> Bayer Leverkusen | D21: =VLOOKUP($D$2,Form_PrimeiraFase!$C$2:$FB$69,15,FALSE) -> Bayer Leverkusen | E21: =VLOOKUP($E$2,Form_PrimeiraFase!$C$2:$FB$69,15,FALSE) -> Empate | F21: =VLOOKUP($F$2,Form_PrimeiraFase!$C$2:$FB$69,15,FALSE) -> Empate | G21: =VLOOKUP($G$2,Form_PrimeiraFase!$C$2:$FB$69,15,FALSE) -> Bayer Leverkusen | H21: =VLOOKUP($H$2,Form_PrimeiraFase!$C$2:$FB$69,15,FALSE) -> Bayer Leverkusen | I21: =VLOOKUP($I$2,Form_PrimeiraFase!$C$2:$FB$69,15,FALSE) -> Bayer Leverkusen | J21: =VLOOKUP($J$2,Form_PrimeiraFase!$C$2:$FB$69,15,FALSE) -> Bayer Leverkusen | K21: =VLOOKUP($K$2,Form_PrimeiraFase!$C$2:$FB$69,15,FALSE) -> Bayer Leverkusen | L21: =VLOOKUP($L$2,Form_PrimeiraFase!$C$2:$FB$69,15,FALSE) -> Bayer Leverkusen | M21: =VLOOKUP($M$2,Form_PrimeiraFase!$C$2:$FB$69,15,FALSE) -> Bayer Leverkusen | N21: =VLOOKUP($N$2,Form_PrimeiraFase!$C$2:$FB$69,15,FALSE) -> Empate | O21: =VLOOKUP($O$2,Form_PrimeiraFase!$C$2:$FB$69,15,FALSE) -> Empate | P21: =VLOOKUP($P$2,Form_PrimeiraFase!$C$2:$FB$69,15,FALSE) -> Bayer Leverkusen | Q21: =VLOOKUP($Q$2,Form_PrimeiraFase!$C$2:$FB$69,15,FALSE) -> Empate | R21: =VLOOKUP($R$2,Form_PrimeiraFase!$C$2:$FB$69,15,FALSE) -> Empate | S21: =VLOOKUP($S$2,Form_PrimeiraFase!$C$2:$FB$69,15,FALSE) -> Copenhagen | T21: =VLOOKUP($T$2,Form_PrimeiraFase!$C$2:$FB$69,15,FALSE) -> Bayer Leverkusen | U21: =VLOOKUP($U$2,Form_PrimeiraFase!$C$2:$FB$69,15,FALSE) -> Bayer Leverkusen | V21: =VLOOKUP($V$2,Form_PrimeiraFase!$C$2:$FB$69,15,FALSE) -> Empate | W21: =VLOOKUP($W$2,Form_PrimeiraFase!$C$2:$FB$69,15,FALSE) -> Bayer Leverkusen | X21: =COUNTIF($C21:$W21,J21) -> 13 | Y21: =COUNTIF($C21:$W21,K21) -> 13 | Z21: =COUNTIF($C21:$W21,R21) -> 7 | AA21: =COUNTIF($C21:$W21,D21) -> 13 | AB21: =COUNTIF($C21:$W21,N21) -> 7 | AC21: =COUNTIF($C21:$W21,O21) -> 7 | AD21: =COUNTIF($C21:$W21,G21) -> 13 | AE21: =COUNTIF($C21:$W21,F21) -> 7 | AF21: =COUNTIF($C21:$W21,E21) -> 7 | AG21: =COUNTIF($C21:$W21,S21) -> 1 | AH21: =COUNTIF($C21:$W21,C21) -> 13 | AI21: =COUNTIF($C21:$W21,P21) -> 13 | AJ21: =COUNTIF($C21:$W21,M21) -> 13 | AK21: =COUNTIF($C21:$W21,I21) -> 13 | AL21: =COUNTIF($C21:$W21,Q21) -> 7 | AM21: =COUNTIF($C21:$W21,L21) -> 13 | AN21: =COUNTIF($C21:$W21,H21) -> 13 | AO21: =COUNTIF($C21:$W21,T21) -> 13 | AP21: =COUNTIF($C21:$W21,U21) -> 13 | AQ21: =COUNTIF($C21:$W21,V21) -> 7 | AR21: =COUNTIF($C21:$W21,W21) -> 13
A22: Machtday 1 | B22: Manchester City | C22: =VLOOKUP($C$2,Form_PrimeiraFase!$C$2:$FB$69,16,FALSE) -> Manchester City | D22: =VLOOKUP($D$2,Form_PrimeiraFase!$C$2:$FB$69,16,FALSE) -> Manchester City | E22: =VLOOKUP($E$2,Form_PrimeiraFase!$C$2:$FB$69,16,FALSE) -> Manchester City | F22: =VLOOKUP($F$2,Form_PrimeiraFase!$C$2:$FB$69,16,FALSE) -> Manchester City | G22: =VLOOKUP($G$2,Form_PrimeiraFase!$C$2:$FB$69,16,FALSE) -> Empate | H22: =VLOOKUP($H$2,Form_PrimeiraFase!$C$2:$FB$69,16,FALSE) -> Manchester City | I22: =VLOOKUP($I$2,Form_PrimeiraFase!$C$2:$FB$69,16,FALSE) -> Manchester City | J22: =VLOOKUP($J$2,Form_PrimeiraFase!$C$2:$FB$69,16,FALSE) -> Manchester City | K22: =VLOOKUP($K$2,Form_PrimeiraFase!$C$2:$FB$69,16,FALSE) -> Manchester City | L22: =VLOOKUP($L$2,Form_PrimeiraFase!$C$2:$FB$69,16,FALSE) -> Manchester City | M22: =VLOOKUP($M$2,Form_PrimeiraFase!$C$2:$FB$69,16,FALSE) -> Manchester City | N22: =VLOOKUP($N$2,Form_PrimeiraFase!$C$2:$FB$69,16,FALSE) -> Manchester City | O22: =VLOOKUP($O$2,Form_PrimeiraFase!$C$2:$FB$69,16,FALSE) -> Manchester City | P22: =VLOOKUP($P$2,Form_PrimeiraFase!$C$2:$FB$69,16,FALSE) -> Manchester City | Q22: =VLOOKUP($Q$2,Form_PrimeiraFase!$C$2:$FB$69,16,FALSE) -> Manchester City | R22: =VLOOKUP($R$2,Form_PrimeiraFase!$C$2:$FB$69,16,FALSE) -> Manchester City | S22: =VLOOKUP($S$2,Form_PrimeiraFase!$C$2:$FB$69,16,FALSE) -> Manchester City | T22: =VLOOKUP($T$2,Form_PrimeiraFase!$C$2:$FB$69,16,FALSE) -> Manchester City | U22: =VLOOKUP($U$2,Form_PrimeiraFase!$C$2:$FB$69,16,FALSE) -> Manchester City | V22: =VLOOKUP($V$2,Form_PrimeiraFase!$C$2:$FB$69,16,FALSE) -> Manchester City | W22: =VLOOKUP($W$2,Form_PrimeiraFase!$C$2:$FB$69,16,FALSE) -> Manchester City | X22: =COUNTIF($C22:$W22,J22) -> 20 | Y22: =COUNTIF($C22:$W22,K22) -> 20 | Z22: =COUNTIF($C22:$W22,R22) -> 20 | AA22: =COUNTIF($C22:$W22,D22) -> 20 | AB22: =COUNTIF($C22:$W22,N22) -> 20 | AC22: =COUNTIF($C22:$W22,O22) -> 20 | AD22: =COUNTIF($C22:$W22,G22) -> 1 | AE22: =COUNTIF($C22:$W22,F22) -> 20 | AF22: =COUNTIF($C22:$W22,E22) -> 20 | AG22: =COUNTIF($C22:$W22,S22) -> 20 | AH22: =COUNTIF($C22:$W22,C22) -> 20 | AI22: =COUNTIF($C22:$W22,P22) -> 20 | AJ22: =COUNTIF($C22:$W22,M22) -> 20 | AK22: =COUNTIF($C22:$W22,I22) -> 20 | AL22: =COUNTIF($C22:$W22,Q22) -> 20 | AM22: =COUNTIF($C22:$W22,L22) -> 20 | AN22: =COUNTIF($C22:$W22,H22) -> 20 | AO22: =COUNTIF($C22:$W22,T22) -> 20 | AP22: =COUNTIF($C22:$W22,U22) -> 20 | AQ22: =COUNTIF($C22:$W22,V22) -> 20 | AR22: =COUNTIF($C22:$W22,W22) -> 20
A23: Machtday 1 | B23: Eintracht Frankfurt | C23: =VLOOKUP($C$2,Form_PrimeiraFase!$C$2:$FB$69,17,FALSE) -> Eintracht Frankfurt | D23: =VLOOKUP($D$2,Form_PrimeiraFase!$C$2:$FB$69,17,FALSE) -> Eintracht Frankfurt | E23: =VLOOKUP($E$2,Form_PrimeiraFase!$C$2:$FB$69,17,FALSE) -> Galatasaray | F23: =VLOOKUP($F$2,Form_PrimeiraFase!$C$2:$FB$69,17,FALSE) -> Galatasaray | G23: =VLOOKUP($G$2,Form_PrimeiraFase!$C$2:$FB$69,17,FALSE) -> Eintracht Frankfurt | H23: =VLOOKUP($H$2,Form_PrimeiraFase!$C$2:$FB$69,17,FALSE) -> Eintracht Frankfurt | I23: =VLOOKUP($I$2,Form_PrimeiraFase!$C$2:$FB$69,17,FALSE) -> Galatasaray | J23: =VLOOKUP($J$2,Form_PrimeiraFase!$C$2:$FB$69,17,FALSE) -> Eintracht Frankfurt | K23: =VLOOKUP($K$2,Form_PrimeiraFase!$C$2:$FB$69,17,FALSE) -> Galatasaray | L23: =VLOOKUP($L$2,Form_PrimeiraFase!$C$2:$FB$69,17,FALSE) -> Eintracht Frankfurt | M23: =VLOOKUP($M$2,Form_PrimeiraFase!$C$2:$FB$69,17,FALSE) -> Empate | N23: =VLOOKUP($N$2,Form_PrimeiraFase!$C$2:$FB$69,17,FALSE) -> Eintracht Frankfurt | O23: =VLOOKUP($O$2,Form_PrimeiraFase!$C$2:$FB$69,17,FALSE) -> Galatasaray | P23: =VLOOKUP($P$2,Form_PrimeiraFase!$C$2:$FB$69,17,FALSE) -> Empate | Q23: =VLOOKUP($Q$2,Form_PrimeiraFase!$C$2:$FB$69,17,FALSE) -> Eintracht Frankfurt | R23: =VLOOKUP($R$2,Form_PrimeiraFase!$C$2:$FB$69,17,FALSE) -> Galatasaray | S23: =VLOOKUP($S$2,Form_PrimeiraFase!$C$2:$FB$69,17,FALSE) -> Galatasaray | T23: =VLOOKUP($T$2,Form_PrimeiraFase!$C$2:$FB$69,17,FALSE) -> Empate | U23: =VLOOKUP($U$2,Form_PrimeiraFase!$C$2:$FB$69,17,FALSE) -> Galatasaray | V23: =VLOOKUP($V$2,Form_PrimeiraFase!$C$2:$FB$69,17,FALSE) -> Galatasaray | W23: =VLOOKUP($W$2,Form_PrimeiraFase!$C$2:$FB$69,17,FALSE) -> Eintracht Frankfurt | X23: =COUNTIF($C23:$W23,J23) -> 9 | Y23: =COUNTIF($C23:$W23,K23) -> 9 | Z23: =COUNTIF($C23:$W23,R23) -> 9 | AA23: =COUNTIF($C23:$W23,D23) -> 9 | AB23: =COUNTIF($C23:$W23,N23) -> 9 | AC23: =COUNTIF($C23:$W23,O23) -> 9 | AD23: =COUNTIF($C23:$W23,G23) -> 9 | AE23: =COUNTIF($C23:$W23,F23) -> 9 | AF23: =COUNTIF($C23:$W23,E23) -> 9 | AG23: =COUNTIF($C23:$W23,S23) -> 9 | AH23: =COUNTIF($C23:$W23,C23) -> 9 | AI23: =COUNTIF($C23:$W23,P23) -> 3 | AJ23: =COUNTIF($C23:$W23,M23) -> 3 | AK23: =COUNTIF($C23:$W23,I23) -> 9 | AL23: =COUNTIF($C23:$W23,Q23) -> 9 | AM23: =COUNTIF($C23:$W23,L23) -> 9 | AN23: =COUNTIF($C23:$W23,H23) -> 9 | AO23: =COUNTIF($C23:$W23,T23) -> 3 | AP23: =COUNTIF($C23:$W23,U23) -> 9 | AQ23: =COUNTIF($C23:$W23,V23) -> 9 | AR23: =COUNTIF($C23:$W23,W23) -> 9
A24: Machtday 1 | B24: Sporting | C24: =VLOOKUP($C$2,Form_PrimeiraFase!$C$2:$FB$69,18,FALSE) -> Sporting | D24: =VLOOKUP($D$2,Form_PrimeiraFase!$C$2:$FB$69,18,FALSE) -> Sporting | E24: =VLOOKUP($E$2,Form_PrimeiraFase!$C$2:$FB$69,18,FALSE) -> Sporting | F24: =VLOOKUP($F$2,Form_PrimeiraFase!$C$2:$FB$69,18,FALSE) -> Sporting | G24: =VLOOKUP($G$2,Form_PrimeiraFase!$C$2:$FB$69,18,FALSE) -> Sporting | H24: =VLOOKUP($H$2,Form_PrimeiraFase!$C$2:$FB$69,18,FALSE) -> Sporting | I24: =VLOOKUP($I$2,Form_PrimeiraFase!$C$2:$FB$69,18,FALSE) -> Sporting | J24: =VLOOKUP($J$2,Form_PrimeiraFase!$C$2:$FB$69,18,FALSE) -> Sporting | K24: =VLOOKUP($K$2,Form_PrimeiraFase!$C$2:$FB$69,18,FALSE) -> Sporting | L24: =VLOOKUP($L$2,Form_PrimeiraFase!$C$2:$FB$69,18,FALSE) -> Sporting | M24: =VLOOKUP($M$2,Form_PrimeiraFase!$C$2:$FB$69,18,FALSE) -> Sporting | N24: =VLOOKUP($N$2,Form_PrimeiraFase!$C$2:$FB$69,18,FALSE) -> Sporting | O24: =VLOOKUP($O$2,Form_PrimeiraFase!$C$2:$FB$69,18,FALSE) -> Sporting | P24: =VLOOKUP($P$2,Form_PrimeiraFase!$C$2:$FB$69,18,FALSE) -> Sporting | Q24: =VLOOKUP($Q$2,Form_PrimeiraFase!$C$2:$FB$69,18,FALSE) -> Sporting | R24: =VLOOKUP($R$2,Form_PrimeiraFase!$C$2:$FB$69,18,FALSE) -> Sporting | S24: =VLOOKUP($S$2,Form_PrimeiraFase!$C$2:$FB$69,18,FALSE) -> Sporting | T24: =VLOOKUP($T$2,Form_PrimeiraFase!$C$2:$FB$69,18,FALSE) -> Sporting | U24: =VLOOKUP($U$2,Form_PrimeiraFase!$C$2:$FB$69,18,FALSE) -> Sporting | V24: =VLOOKUP($V$2,Form_PrimeiraFase!$C$2:$FB$69,18,FALSE) -> Sporting | W24: =VLOOKUP($W$2,Form_PrimeiraFase!$C$2:$FB$69,18,FALSE) -> Sporting | X24: =COUNTIF($C24:$W24,J24) -> 21 | Y24: =COUNTIF($C24:$W24,K24) -> 21 | Z24: =COUNTIF($C24:$W24,R24) -> 21 | AA24: =COUNTIF($C24:$W24,D24) -> 21 | AB24: =COUNTIF($C24:$W24,N24) -> 21 | AC24: =COUNTIF($C24:$W24,O24) -> 21 | AD24: =COUNTIF($C24:$W24,G24) -> 21 | AE24: =COUNTIF($C24:$W24,F24) -> 21 | AF24: =COUNTIF($C24:$W24,E24) -> 21 | AG24: =COUNTIF($C24:$W24,S24) -> 21 | AH24: =COUNTIF($C24:$W24,C24) -> 21 | AI24: =COUNTIF($C24:$W24,P24) -> 21 | AJ24: =COUNTIF($C24:$W24,M24) -> 21 | AK24: =COUNTIF($C24:$W24,I24) -> 21 | AL24: =COUNTIF($C24:$W24,Q24) -> 21 | AM24: =COUNTIF($C24:$W24,L24) -> 21 | AN24: =COUNTIF($C24:$W24,H24) -> 21 | AO24: =COUNTIF($C24:$W24,T24) -> 21 | AP24: =COUNTIF($C24:$W24,U24) -> 21 | AQ24: =COUNTIF($C24:$W24,V24) -> 21 | AR24: =COUNTIF($C24:$W24,W24) -> 21
A25: Machtday 1 | B25: Barcelona | C25: =VLOOKUP($C$2,Form_PrimeiraFase!$C$2:$FB$69,19,FALSE) -> Barcelona | D25: =VLOOKUP($D$2,Form_PrimeiraFase!$C$2:$FB$69,19,FALSE) -> Barcelona | E25: =VLOOKUP($E$2,Form_PrimeiraFase!$C$2:$FB$69,19,FALSE) -> Barcelona | F25: =VLOOKUP($F$2,Form_PrimeiraFase!$C$2:$FB$69,19,FALSE) -> Barcelona | G25: =VLOOKUP($G$2,Form_PrimeiraFase!$C$2:$FB$69,19,FALSE) -> Barcelona | H25: =VLOOKUP($H$2,Form_PrimeiraFase!$C$2:$FB$69,19,FALSE) -> Barcelona | I25: =VLOOKUP($I$2,Form_PrimeiraFase!$C$2:$FB$69,19,FALSE) -> Newcastle | J25: =VLOOKUP($J$2,Form_PrimeiraFase!$C$2:$FB$69,19,FALSE) -> Barcelona | K25: =VLOOKUP($K$2,Form_PrimeiraFase!$C$2:$FB$69,19,FALSE) -> Newcastle | L25: =VLOOKUP($L$2,Form_PrimeiraFase!$C$2:$FB$69,19,FALSE) -> Barcelona | M25: =VLOOKUP($M$2,Form_PrimeiraFase!$C$2:$FB$69,19,FALSE) -> Barcelona | N25: =VLOOKUP($N$2,Form_PrimeiraFase!$C$2:$FB$69,19,FALSE) -> Barcelona | O25: =VLOOKUP($O$2,Form_PrimeiraFase!$C$2:$FB$69,19,FALSE) -> Barcelona | P25: =VLOOKUP($P$2,Form_PrimeiraFase!$C$2:$FB$69,19,FALSE) -> Barcelona | Q25: =VLOOKUP($Q$2,Form_PrimeiraFase!$C$2:$FB$69,19,FALSE) -> Newcastle | R25: =VLOOKUP($R$2,Form_PrimeiraFase!$C$2:$FB$69,19,FALSE) -> Newcastle | S25: =VLOOKUP($S$2,Form_PrimeiraFase!$C$2:$FB$69,19,FALSE) -> Barcelona | T25: =VLOOKUP($T$2,Form_PrimeiraFase!$C$2:$FB$69,19,FALSE) -> Barcelona | U25: =VLOOKUP($U$2,Form_PrimeiraFase!$C$2:$FB$69,19,FALSE) -> Empate | V25: =VLOOKUP($V$2,Form_PrimeiraFase!$C$2:$FB$69,19,FALSE) -> Barcelona | W25: =VLOOKUP($W$2,Form_PrimeiraFase!$C$2:$FB$69,19,FALSE) -> Barcelona | X25: =COUNTIF($C25:$W25,J25) -> 16 | Y25: =COUNTIF($C25:$W25,K25) -> 4 | Z25: =COUNTIF($C25:$W25,R25) -> 4 | AA25: =COUNTIF($C25:$W25,D25) -> 16 | AB25: =COUNTIF($C25:$W25,N25) -> 16 | AC25: =COUNTIF($C25:$W25,O25) -> 16 | AD25: =COUNTIF($C25:$W25,G25) -> 16 | AE25: =COUNTIF($C25:$W25,F25) -> 16 | AF25: =COUNTIF($C25:$W25,E25) -> 16 | AG25: =COUNTIF($C25:$W25,S25) -> 16 | AH25: =COUNTIF($C25:$W25,C25) -> 16 | AI25: =COUNTIF($C25:$W25,P25) -> 16 | AJ25: =COUNTIF($C25:$W25,M25) -> 16 | AK25: =COUNTIF($C25:$W25,I25) -> 4 | AL25: =COUNTIF($C25:$W25,Q25) -> 4 | AM25: =COUNTIF($C25:$W25,L25) -> 16 | AN25: =COUNTIF($C25:$W25,H25) -> 16 | AO25: =COUNTIF($C25:$W25,T25) -> 16 | AP25: =COUNTIF($C25:$W25,U25) -> 1 | AQ25: =COUNTIF($C25:$W25,V25) -> 16 | AR25: =COUNTIF($C25:$W25,W25) -> 16
A26: Machtday 2 | B26: Atalanta | C26: =VLOOKUP($C$2,Form_PrimeiraFase!$C$2:$FB$69,20,FALSE) -> Atalanta | D26: =VLOOKUP($D$2,Form_PrimeiraFase!$C$2:$FB$69,20,FALSE) -> Atalanta | E26: =VLOOKUP($E$2,Form_PrimeiraFase!$C$2:$FB$69,20,FALSE) -> Atalanta | F26: =VLOOKUP($F$2,Form_PrimeiraFase!$C$2:$FB$69,20,FALSE) -> Atalanta | G26: =VLOOKUP($G$2,Form_PrimeiraFase!$C$2:$FB$69,20,FALSE) -> Atalanta | H26: =VLOOKUP($H$2,Form_PrimeiraFase!$C$2:$FB$69,20,FALSE) -> Atalanta | I26: =VLOOKUP($I$2,Form_PrimeiraFase!$C$2:$FB$69,20,FALSE) -> Atalanta | J26: =VLOOKUP($J$2,Form_PrimeiraFase!$C$2:$FB$69,20,FALSE) -> Atalanta | K26: =VLOOKUP($K$2,Form_PrimeiraFase!$C$2:$FB$69,20,FALSE) -> Atalanta | L26: =VLOOKUP($L$2,Form_PrimeiraFase!$C$2:$FB$69,20,FALSE) -> Atalanta | M26: =VLOOKUP($M$2,Form_PrimeiraFase!$C$2:$FB$69,20,FALSE) -> Atalanta | N26: =VLOOKUP($N$2,Form_PrimeiraFase!$C$2:$FB$69,20,FALSE) -> Atalanta | O26: =VLOOKUP($O$2,Form_PrimeiraFase!$C$2:$FB$69,20,FALSE) -> Empate | P26: =VLOOKUP($P$2,Form_PrimeiraFase!$C$2:$FB$69,20,FALSE) -> Atalanta | Q26: =VLOOKUP($Q$2,Form_PrimeiraFase!$C$2:$FB$69,20,FALSE) -> Atalanta | R26: =VLOOKUP($R$2,Form_PrimeiraFase!$C$2:$FB$69,20,FALSE) -> Atalanta | S26: =VLOOKUP($S$2,Form_PrimeiraFase!$C$2:$FB$69,20,FALSE) -> Atalanta | T26: =VLOOKUP($T$2,Form_PrimeiraFase!$C$2:$FB$69,20,FALSE) -> Atalanta | U26: =VLOOKUP($U$2,Form_PrimeiraFase!$C$2:$FB$69,20,FALSE) -> Atalanta | V26: =VLOOKUP($V$2,Form_PrimeiraFase!$C$2:$FB$69,20,FALSE) -> Club Brugge | W26: =VLOOKUP($W$2,Form_PrimeiraFase!$C$2:$FB$69,20,FALSE) -> Atalanta | X26: =COUNTIF($C26:$W26,J26) -> 19 | Y26: =COUNTIF($C26:$W26,K26) -> 19 | Z26: =COUNTIF($C26:$W26,R26) -> 19 | AA26: =COUNTIF($C26:$W26,D26) -> 19 | AB26: =COUNTIF($C26:$W26,N26) -> 19 | AC26: =COUNTIF($C26:$W26,O26) -> 1 | AD26: =COUNTIF($C26:$W26,G26) -> 19 | AE26: =COUNTIF($C26:$W26,F26) -> 19 | AF26: =COUNTIF($C26:$W26,E26) -> 19 | AG26: =COUNTIF($C26:$W26,S26) -> 19 | AH26: =COUNTIF($C26:$W26,C26) -> 19 | AI26: =COUNTIF($C26:$W26,P26) -> 19 | AJ26: =COUNTIF($C26:$W26,M26) -> 19 | AK26: =COUNTIF($C26:$W26,I26) -> 19 | AL26: =COUNTIF($C26:$W26,Q26) -> 19 | AM26: =COUNTIF($C26:$W26,L26) -> 19 | AN26: =COUNTIF($C26:$W26,H26) -> 19 | AO26: =COUNTIF($C26:$W26,T26) -> 19 | AP26: =COUNTIF($C26:$W26,U26) -> 19 | AQ26: =COUNTIF($C26:$W26,V26) -> 1 | AR26: =COUNTIF($C26:$W26,W26) -> 19
A27: Machtday 2 | B27: Real Madrid | C27: =VLOOKUP($C$2,Form_PrimeiraFase!$C$2:$FB$69,21,FALSE) -> Real Madrid | D27: =VLOOKUP($D$2,Form_PrimeiraFase!$C$2:$FB$69,21,FALSE) -> Real Madrid | E27: =VLOOKUP($E$2,Form_PrimeiraFase!$C$2:$FB$69,21,FALSE) -> Real Madrid | F27: =VLOOKUP($F$2,Form_PrimeiraFase!$C$2:$FB$69,21,FALSE) -> Real Madrid | G27: =VLOOKUP($G$2,Form_PrimeiraFase!$C$2:$FB$69,21,FALSE) -> Real Madrid | H27: =VLOOKUP($H$2,Form_PrimeiraFase!$C$2:$FB$69,21,FALSE) -> Real Madrid | I27: =VLOOKUP($I$2,Form_PrimeiraFase!$C$2:$FB$69,21,FALSE) -> Real Madrid | J27: =VLOOKUP($J$2,Form_PrimeiraFase!$C$2:$FB$69,21,FALSE) -> Real Madrid | K27: =VLOOKUP($K$2,Form_PrimeiraFase!$C$2:$FB$69,21,FALSE) -> Real Madrid | L27: =VLOOKUP($L$2,Form_PrimeiraFase!$C$2:$FB$69,21,FALSE) -> Real Madrid | M27: =VLOOKUP($M$2,Form_PrimeiraFase!$C$2:$FB$69,21,FALSE) -> Kairat | N27: =VLOOKUP($N$2,Form_PrimeiraFase!$C$2:$FB$69,21,FALSE) -> Real Madrid | O27: =VLOOKUP($O$2,Form_PrimeiraFase!$C$2:$FB$69,21,FALSE) -> Real Madrid | P27: =VLOOKUP($P$2,Form_PrimeiraFase!$C$2:$FB$69,21,FALSE) -> Real Madrid | Q27: =VLOOKUP($Q$2,Form_PrimeiraFase!$C$2:$FB$69,21,FALSE) -> Real Madrid | R27: =VLOOKUP($R$2,Form_PrimeiraFase!$C$2:$FB$69,21,FALSE) -> Real Madrid | S27: =VLOOKUP($S$2,Form_PrimeiraFase!$C$2:$FB$69,21,FALSE) -> Real Madrid | T27: =VLOOKUP($T$2,Form_PrimeiraFase!$C$2:$FB$69,21,FALSE) -> Real Madrid | U27: =VLOOKUP($U$2,Form_PrimeiraFase!$C$2:$FB$69,21,FALSE) -> Real Madrid | V27: =VLOOKUP($V$2,Form_PrimeiraFase!$C$2:$FB$69,21,FALSE) -> Real Madrid | W27: =VLOOKUP($W$2,Form_PrimeiraFase!$C$2:$FB$69,21,FALSE) -> Real Madrid | X27: =COUNTIF($C27:$W27,J27) -> 20 | Y27: =COUNTIF($C27:$W27,K27) -> 20 | Z27: =COUNTIF($C27:$W27,R27) -> 20 | AA27: =COUNTIF($C27:$W27,D27) -> 20 | AB27: =COUNTIF($C27:$W27,N27) -> 20 | AC27: =COUNTIF($C27:$W27,O27) -> 20 | AD27: =COUNTIF($C27:$W27,G27) -> 20 | AE27: =COUNTIF($C27:$W27,F27) -> 20 | AF27: =COUNTIF($C27:$W27,E27) -> 20 | AG27: =COUNTIF($C27:$W27,S27) -> 20 | AH27: =COUNTIF($C27:$W27,C27) -> 20 | AI27: =COUNTIF($C27:$W27,P27) -> 20 | AJ27: =COUNTIF($C27:$W27,M27) -> 1 | AK27: =COUNTIF($C27:$W27,I27) -> 20 | AL27: =COUNTIF($C27:$W27,Q27) -> 20 | AM27: =COUNTIF($C27:$W27,L27) -> 20 | AN27: =COUNTIF($C27:$W27,H27) -> 20 | AO27: =COUNTIF($C27:$W27,T27) -> 20 | AP27: =COUNTIF($C27:$W27,U27) -> 20 | AQ27: =COUNTIF($C27:$W27,V27) -> 20 | AR27: =COUNTIF($C27:$W27,W27) -> 20
A28: Machtday 2 | B28: Internazionale | C28: =VLOOKUP($C$2,Form_PrimeiraFase!$C$2:$FB$69,22,FALSE) -> Internazionale | D28: =VLOOKUP($D$2,Form_PrimeiraFase!$C$2:$FB$69,22,FALSE) -> Internazionale | E28: =VLOOKUP($E$2,Form_PrimeiraFase!$C$2:$FB$69,22,FALSE) -> Internazionale | F28: =VLOOKUP($F$2,Form_PrimeiraFase!$C$2:$FB$69,22,FALSE) -> Internazionale | G28: =VLOOKUP($G$2,Form_PrimeiraFase!$C$2:$FB$69,22,FALSE) -> Internazionale | H28: =VLOOKUP($H$2,Form_PrimeiraFase!$C$2:$FB$69,22,FALSE) -> Internazionale | I28: =VLOOKUP($I$2,Form_PrimeiraFase!$C$2:$FB$69,22,FALSE) -> Internazionale | J28: =VLOOKUP($J$2,Form_PrimeiraFase!$C$2:$FB$69,22,FALSE) -> Internazionale | K28: =VLOOKUP($K$2,Form_PrimeiraFase!$C$2:$FB$69,22,FALSE) -> Internazionale | L28: =VLOOKUP($L$2,Form_PrimeiraFase!$C$2:$FB$69,22,FALSE) -> Internazionale | M28: =VLOOKUP($M$2,Form_PrimeiraFase!$C$2:$FB$69,22,FALSE) -> Internazionale | N28: =VLOOKUP($N$2,Form_PrimeiraFase!$C$2:$FB$69,22,FALSE) -> Internazionale | O28: =VLOOKUP($O$2,Form_PrimeiraFase!$C$2:$FB$69,22,FALSE) -> Internazionale | P28: =VLOOKUP($P$2,Form_PrimeiraFase!$C$2:$FB$69,22,FALSE) -> Internazionale | Q28: =VLOOKUP($Q$2,Form_PrimeiraFase!$C$2:$FB$69,22,FALSE) -> Internazionale | R28: =VLOOKUP($R$2,Form_PrimeiraFase!$C$2:$FB$69,22,FALSE) -> Internazionale | S28: =VLOOKUP($S$2,Form_PrimeiraFase!$C$2:$FB$69,22,FALSE) -> Internazionale | T28: =VLOOKUP($T$2,Form_PrimeiraFase!$C$2:$FB$69,22,FALSE) -> Internazionale | U28: =VLOOKUP($U$2,Form_PrimeiraFase!$C$2:$FB$69,22,FALSE) -> Internazionale | V28: =VLOOKUP($V$2,Form_PrimeiraFase!$C$2:$FB$69,22,FALSE) -> Internazionale | W28: =VLOOKUP($W$2,Form_PrimeiraFase!$C$2:$FB$69,22,FALSE) -> Internazionale | X28: =COUNTIF($C28:$W28,J28) -> 21 | Y28: =COUNTIF($C28:$W28,K28) -> 21 | Z28: =COUNTIF($C28:$W28,R28) -> 21 | AA28: =COUNTIF($C28:$W28,D28) -> 21 | AB28: =COUNTIF($C28:$W28,N28) -> 21 | AC28: =COUNTIF($C28:$W28,O28) -> 21 | AD28: =COUNTIF($C28:$W28,G28) -> 21 | AE28: =COUNTIF($C28:$W28,F28) -> 21 | AF28: =COUNTIF($C28:$W28,E28) -> 21 | AG28: =COUNTIF($C28:$W28,S28) -> 21 | AH28: =COUNTIF($C28:$W28,C28) -> 21 | AI28: =COUNTIF($C28:$W28,P28) -> 21 | AJ28: =COUNTIF($C28:$W28,M28) -> 21 | AK28: =COUNTIF($C28:$W28,I28) -> 21 | AL28: =COUNTIF($C28:$W28,Q28) -> 21 | AM28: =COUNTIF($C28:$W28,L28) -> 21 | AN28: =COUNTIF($C28:$W28,H28) -> 21 | AO28: =COUNTIF($C28:$W28,T28) -> 21 | AP28: =COUNTIF($C28:$W28,U28) -> 21 | AQ28: =COUNTIF($C28:$W28,V28) -> 21 | AR28: =COUNTIF($C28:$W28,W28) -> 21
A29: Machtday 2 | B29: Chelsea | C29: =VLOOKUP($C$2,Form_PrimeiraFase!$C$2:$FB$69,23,FALSE) -> Chelsea | D29: =VLOOKUP($D$2,Form_PrimeiraFase!$C$2:$FB$69,23,FALSE) -> Chelsea | E29: =VLOOKUP($E$2,Form_PrimeiraFase!$C$2:$FB$69,23,FALSE) -> Chelsea | F29: =VLOOKUP($F$2,Form_PrimeiraFase!$C$2:$FB$69,23,FALSE) -> Chelsea | G29: =VLOOKUP($G$2,Form_PrimeiraFase!$C$2:$FB$69,23,FALSE) -> Chelsea | H29: =VLOOKUP($H$2,Form_PrimeiraFase!$C$2:$FB$69,23,FALSE) -> Chelsea | I29: =VLOOKUP($I$2,Form_PrimeiraFase!$C$2:$FB$69,23,FALSE) -> Chelsea | J29: =VLOOKUP($J$2,Form_PrimeiraFase!$C$2:$FB$69,23,FALSE) -> Chelsea | K29: =VLOOKUP($K$2,Form_PrimeiraFase!$C$2:$FB$69,23,FALSE) -> Chelsea | L29: =VLOOKUP($L$2,Form_PrimeiraFase!$C$2:$FB$69,23,FALSE) -> Chelsea | M29: =VLOOKUP($M$2,Form_PrimeiraFase!$C$2:$FB$69,23,FALSE) -> Chelsea | N29: =VLOOKUP($N$2,Form_PrimeiraFase!$C$2:$FB$69,23,FALSE) -> Chelsea | O29: =VLOOKUP($O$2,Form_PrimeiraFase!$C$2:$FB$69,23,FALSE) -> Chelsea | P29: =VLOOKUP($P$2,Form_PrimeiraFase!$C$2:$FB$69,23,FALSE) -> Chelsea | Q29: =VLOOKUP($Q$2,Form_PrimeiraFase!$C$2:$FB$69,23,FALSE) -> Chelsea | R29: =VLOOKUP($R$2,Form_PrimeiraFase!$C$2:$FB$69,23,FALSE) -> Chelsea | S29: =VLOOKUP($S$2,Form_PrimeiraFase!$C$2:$FB$69,23,FALSE) -> Chelsea | T29: =VLOOKUP($T$2,Form_PrimeiraFase!$C$2:$FB$69,23,FALSE) -> Chelsea | U29: =VLOOKUP($U$2,Form_PrimeiraFase!$C$2:$FB$69,23,FALSE) -> Chelsea | V29: =VLOOKUP($V$2,Form_PrimeiraFase!$C$2:$FB$69,23,FALSE) -> Chelsea | W29: =VLOOKUP($W$2,Form_PrimeiraFase!$C$2:$FB$69,23,FALSE) -> Chelsea | X29: =COUNTIF($C29:$W29,J29) -> 21 | Y29: =COUNTIF($C29:$W29,K29) -> 21 | Z29: =COUNTIF($C29:$W29,R29) -> 21 | AA29: =COUNTIF($C29:$W29,D29) -> 21 | AB29: =COUNTIF($C29:$W29,N29) -> 21 | AC29: =COUNTIF($C29:$W29,O29) -> 21 | AD29: =COUNTIF($C29:$W29,G29) -> 21 | AE29: =COUNTIF($C29:$W29,F29) -> 21 | AF29: =COUNTIF($C29:$W29,E29) -> 21 | AG29: =COUNTIF($C29:$W29,S29) -> 21 | AH29: =COUNTIF($C29:$W29,C29) -> 21 | AI29: =COUNTIF($C29:$W29,P29) -> 21 | AJ29: =COUNTIF($C29:$W29,M29) -> 21 | AK29: =COUNTIF($C29:$W29,I29) -> 21 | AL29: =COUNTIF($C29:$W29,Q29) -> 21 | AM29: =COUNTIF($C29:$W29,L29) -> 21 | AN29: =COUNTIF($C29:$W29,H29) -> 21 | AO29: =COUNTIF($C29:$W29,T29) -> 21 | AP29: =COUNTIF($C29:$W29,U29) -> 21 | AQ29: =COUNTIF($C29:$W29,V29) -> 21 | AR29: =COUNTIF($C29:$W29,W29) -> 21
A30: Machtday 2 | B30: Atlético de Madrid | C30: =VLOOKUP($C$2,Form_PrimeiraFase!$C$2:$FB$69,24,FALSE) -> Atlético de Madrid | D30: =VLOOKUP($D$2,Form_PrimeiraFase!$C$2:$FB$69,24,FALSE) -> Atlético de Madrid | E30: =VLOOKUP($E$2,Form_PrimeiraFase!$C$2:$FB$69,24,FALSE) -> Atlético de Madrid | F30: =VLOOKUP($F$2,Form_PrimeiraFase!$C$2:$FB$69,24,FALSE) -> Atlético de Madrid | G30: =VLOOKUP($G$2,Form_PrimeiraFase!$C$2:$FB$69,24,FALSE) -> Atlético de Madrid | H30: =VLOOKUP($H$2,Form_PrimeiraFase!$C$2:$FB$69,24,FALSE) -> Atlético de Madrid | I30: =VLOOKUP($I$2,Form_PrimeiraFase!$C$2:$FB$69,24,FALSE) -> Atlético de Madrid | J30: =VLOOKUP($J$2,Form_PrimeiraFase!$C$2:$FB$69,24,FALSE) -> Atlético de Madrid | K30: =VLOOKUP($K$2,Form_PrimeiraFase!$C$2:$FB$69,24,FALSE) -> Atlético de Madrid | L30: =VLOOKUP($L$2,Form_PrimeiraFase!$C$2:$FB$69,24,FALSE) -> Atlético de Madrid | M30: =VLOOKUP($M$2,Form_PrimeiraFase!$C$2:$FB$69,24,FALSE) -> Atlético de Madrid | N30: =VLOOKUP($N$2,Form_PrimeiraFase!$C$2:$FB$69,24,FALSE) -> Atlético de Madrid | O30: =VLOOKUP($O$2,Form_PrimeiraFase!$C$2:$FB$69,24,FALSE) -> Atlético de Madrid | P30: =VLOOKUP($P$2,Form_PrimeiraFase!$C$2:$FB$69,24,FALSE) -> Atlético de Madrid | Q30: =VLOOKUP($Q$2,Form_PrimeiraFase!$C$2:$FB$69,24,FALSE) -> Empate | R30: =VLOOKUP($R$2,Form_PrimeiraFase!$C$2:$FB$69,24,FALSE) -> Atlético de Madrid | S30: =VLOOKUP($S$2,Form_PrimeiraFase!$C$2:$FB$69,24,FALSE) -> Atlético de Madrid | T30: =VLOOKUP($T$2,Form_PrimeiraFase!$C$2:$FB$69,24,FALSE) -> Atlético de Madrid | U30: =VLOOKUP($U$2,Form_PrimeiraFase!$C$2:$FB$69,24,FALSE) -> Atlético de Madrid | V30: =VLOOKUP($V$2,Form_PrimeiraFase!$C$2:$FB$69,24,FALSE) -> Atlético de Madrid | W30: =VLOOKUP($W$2,Form_PrimeiraFase!$C$2:$FB$69,24,FALSE) -> Atlético de Madrid | X30: =COUNTIF($C30:$W30,J30) -> 20 | Y30: =COUNTIF($C30:$W30,K30) -> 20 | Z30: =COUNTIF($C30:$W30,R30) -> 20 | AA30: =COUNTIF($C30:$W30,D30) -> 20 | AB30: =COUNTIF($C30:$W30,N30) -> 20 | AC30: =COUNTIF($C30:$W30,O30) -> 20 | AD30: =COUNTIF($C30:$W30,G30) -> 20 | AE30: =COUNTIF($C30:$W30,F30) -> 20 | AF30: =COUNTIF($C30:$W30,E30) -> 20 | AG30: =COUNTIF($C30:$W30,S30) -> 20 | AH30: =COUNTIF($C30:$W30,C30) -> 20 | AI30: =COUNTIF($C30:$W30,P30) -> 20 | AJ30: =COUNTIF($C30:$W30,M30) -> 20 | AK30: =COUNTIF($C30:$W30,I30) -> 20 | AL30: =COUNTIF($C30:$W30,Q30) -> 1 | AM30: =COUNTIF($C30:$W30,L30) -> 20 | AN30: =COUNTIF($C30:$W30,H30) -> 20 | AO30: =COUNTIF($C30:$W30,T30) -> 20 | AP30: =COUNTIF($C30:$W30,U30) -> 20 | AQ30: =COUNTIF($C30:$W30,V30) -> 20 | AR30: =COUNTIF($C30:$W30,W30) -> 20
A31: Machtday 2 | B31: Empate | C31: =VLOOKUP($C$2,Form_PrimeiraFase!$C$2:$FB$69,25,FALSE) -> Tottenham | D31: =VLOOKUP($D$2,Form_PrimeiraFase!$C$2:$FB$69,25,FALSE) -> Tottenham | E31: =VLOOKUP($E$2,Form_PrimeiraFase!$C$2:$FB$69,25,FALSE) -> Tottenham | F31: =VLOOKUP($F$2,Form_PrimeiraFase!$C$2:$FB$69,25,FALSE) -> Tottenham | G31: =VLOOKUP($G$2,Form_PrimeiraFase!$C$2:$FB$69,25,FALSE) -> Tottenham | H31: =VLOOKUP($H$2,Form_PrimeiraFase!$C$2:$FB$69,25,FALSE) -> Tottenham | I31: =VLOOKUP($I$2,Form_PrimeiraFase!$C$2:$FB$69,25,FALSE) -> Tottenham | J31: =VLOOKUP($J$2,Form_PrimeiraFase!$C$2:$FB$69,25,FALSE) -> Tottenham | K31: =VLOOKUP($K$2,Form_PrimeiraFase!$C$2:$FB$69,25,FALSE) -> Tottenham | L31: =VLOOKUP($L$2,Form_PrimeiraFase!$C$2:$FB$69,25,FALSE) -> Empate | M31: =VLOOKUP($M$2,Form_PrimeiraFase!$C$2:$FB$69,25,FALSE) -> Tottenham | N31: =VLOOKUP($N$2,Form_PrimeiraFase!$C$2:$FB$69,25,FALSE) -> Tottenham | O31: =VLOOKUP($O$2,Form_PrimeiraFase!$C$2:$FB$69,25,FALSE) -> Empate | P31: =VLOOKUP($P$2,Form_PrimeiraFase!$C$2:$FB$69,25,FALSE) -> Tottenham | Q31: =VLOOKUP($Q$2,Form_PrimeiraFase!$C$2:$FB$69,25,FALSE) -> Tottenham | R31: =VLOOKUP($R$2,Form_PrimeiraFase!$C$2:$FB$69,25,FALSE) -> Tottenham | S31: =VLOOKUP($S$2,Form_PrimeiraFase!$C$2:$FB$69,25,FALSE) -> Tottenham | T31: =VLOOKUP($T$2,Form_PrimeiraFase!$C$2:$FB$69,25,FALSE) -> Empate | U31: =VLOOKUP($U$2,Form_PrimeiraFase!$C$2:$FB$69,25,FALSE) -> Empate | V31: =VLOOKUP($V$2,Form_PrimeiraFase!$C$2:$FB$69,25,FALSE) -> Tottenham | W31: =VLOOKUP($W$2,Form_PrimeiraFase!$C$2:$FB$69,25,FALSE) -> Tottenham | X31: =COUNTIF($C31:$W31,J31) -> 17 | Y31: =COUNTIF($C31:$W31,K31) -> 17 | Z31: =COUNTIF($C31:$W31,R31) -> 17 | AA31: =COUNTIF($C31:$W31,D31) -> 17 | AB31: =COUNTIF($C31:$W31,N31) -> 17 | AC31: =COUNTIF($C31:$W31,O31) -> 4 | AD31: =COUNTIF($C31:$W31,G31) -> 17 | AE31: =COUNTIF($C31:$W31,F31) -> 17 | AF31: =COUNTIF($C31:$W31,E31) -> 17 | AG31: =COUNTIF($C31:$W31,S31) -> 17 | AH31: =COUNTIF($C31:$W31,C31) -> 17 | AI31: =COUNTIF($C31:$W31,P31) -> 17 | AJ31: =COUNTIF($C31:$W31,M31) -> 17 | AK31: =COUNTIF($C31:$W31,I31) -> 17 | AL31: =COUNTIF($C31:$W31,Q31) -> 17 | AM31: =COUNTIF($C31:$W31,L31) -> 4 | AN31: =COUNTIF($C31:$W31,H31) -> 17 | AO31: =COUNTIF($C31:$W31,T31) -> 4 | AP31: =COUNTIF($C31:$W31,U31) -> 4 | AQ31: =COUNTIF($C31:$W31,V31) -> 17 | AR31: =COUNTIF($C31:$W31,W31) -> 17
A32: Machtday 2 | B32: Olympique de Marselha | C32: =VLOOKUP($C$2,Form_PrimeiraFase!$C$2:$FB$69,26,FALSE) -> Olympique de Marselha | D32: =VLOOKUP($D$2,Form_PrimeiraFase!$C$2:$FB$69,26,FALSE) -> Ajax | E32: =VLOOKUP($E$2,Form_PrimeiraFase!$C$2:$FB$69,26,FALSE) -> Ajax | F32: =VLOOKUP($F$2,Form_PrimeiraFase!$C$2:$FB$69,26,FALSE) -> Olympique de Marselha | G32: =VLOOKUP($G$2,Form_PrimeiraFase!$C$2:$FB$69,26,FALSE) -> Olympique de Marselha | H32: =VLOOKUP($H$2,Form_PrimeiraFase!$C$2:$FB$69,26,FALSE) -> Ajax | I32: =VLOOKUP($I$2,Form_PrimeiraFase!$C$2:$FB$69,26,FALSE) -> Olympique de Marselha | J32: =VLOOKUP($J$2,Form_PrimeiraFase!$C$2:$FB$69,26,FALSE) -> Olympique de Marselha | K32: =VLOOKUP($K$2,Form_PrimeiraFase!$C$2:$FB$69,26,FALSE) -> Empate | L32: =VLOOKUP($L$2,Form_PrimeiraFase!$C$2:$FB$69,26,FALSE) -> Empate | M32: =VLOOKUP($M$2,Form_PrimeiraFase!$C$2:$FB$69,26,FALSE) -> Olympique de Marselha | N32: =VLOOKUP($N$2,Form_PrimeiraFase!$C$2:$FB$69,26,FALSE) -> Olympique de Marselha | O32: =VLOOKUP($O$2,Form_PrimeiraFase!$C$2:$FB$69,26,FALSE) -> Ajax | P32: =VLOOKUP($P$2,Form_PrimeiraFase!$C$2:$FB$69,26,FALSE) -> Olympique de Marselha | Q32: =VLOOKUP($Q$2,Form_PrimeiraFase!$C$2:$FB$69,26,FALSE) -> Olympique de Marselha | R32: =VLOOKUP($R$2,Form_PrimeiraFase!$C$2:$FB$69,26,FALSE) -> Olympique de Marselha | S32: =VLOOKUP($S$2,Form_PrimeiraFase!$C$2:$FB$69,26,FALSE) -> Olympique de Marselha | T32: =VLOOKUP($T$2,Form_PrimeiraFase!$C$2:$FB$69,26,FALSE) -> Empate | U32: =VLOOKUP($U$2,Form_PrimeiraFase!$C$2:$FB$69,26,FALSE) -> Empate | V32: =VLOOKUP($V$2,Form_PrimeiraFase!$C$2:$FB$69,26,FALSE) -> Empate | W32: =VLOOKUP($W$2,Form_PrimeiraFase!$C$2:$FB$69,26,FALSE) -> Olympique de Marselha | X32: =COUNTIF($C32:$W32,J32) -> 12 | Y32: =COUNTIF($C32:$W32,K32) -> 5 | Z32: =COUNTIF($C32:$W32,R32) -> 12 | AA32: =COUNTIF($C32:$W32,D32) -> 4 | AB32: =COUNTIF($C32:$W32,N32) -> 12 | AC32: =COUNTIF($C32:$W32,O32) -> 4 | AD32: =COUNTIF($C32:$W32,G32) -> 12 | AE32: =COUNTIF($C32:$W32,F32) -> 12 | AF32: =COUNTIF($C32:$W32,E32) -> 4 | AG32: =COUNTIF($C32:$W32,S32) -> 12 | AH32: =COUNTIF($C32:$W32,C32) -> 12 | AI32: =COUNTIF($C32:$W32,P32) -> 12 | AJ32: =COUNTIF($C32:$W32,M32) -> 12 | AK32: =COUNTIF($C32:$W32,I32) -> 12 | AL32: =COUNTIF($C32:$W32,Q32) -> 12 | AM32: =COUNTIF($C32:$W32,L32) -> 5 | AN32: =COUNTIF($C32:$W32,H32) -> 4 | AO32: =COUNTIF($C32:$W32,T32) -> 5 | AP32: =COUNTIF($C32:$W32,U32) -> 5 | AQ32: =COUNTIF($C32:$W32,V32) -> 5 | AR32: =COUNTIF($C32:$W32,W32) -> 12
A33: Machtday 2 | B33: Galatasaray | C33: =VLOOKUP($C$2,Form_PrimeiraFase!$C$2:$FB$69,27,FALSE) -> Liverpool | D33: =VLOOKUP($D$2,Form_PrimeiraFase!$C$2:$FB$69,27,FALSE) -> Liverpool | E33: =VLOOKUP($E$2,Form_PrimeiraFase!$C$2:$FB$69,27,FALSE) -> Liverpool | F33: =VLOOKUP($F$2,Form_PrimeiraFase!$C$2:$FB$69,27,FALSE) -> Liverpool | G33: =VLOOKUP($G$2,Form_PrimeiraFase!$C$2:$FB$69,27,FALSE) -> Empate | H33: =VLOOKUP($H$2,Form_PrimeiraFase!$C$2:$FB$69,27,FALSE) -> Liverpool | I33: =VLOOKUP($I$2,Form_PrimeiraFase!$C$2:$FB$69,27,FALSE) -> Empate | J33: =VLOOKUP($J$2,Form_PrimeiraFase!$C$2:$FB$69,27,FALSE) -> Liverpool | K33: =VLOOKUP($K$2,Form_PrimeiraFase!$C$2:$FB$69,27,FALSE) -> Liverpool | L33: =VLOOKUP($L$2,Form_PrimeiraFase!$C$2:$FB$69,27,FALSE) -> Liverpool | M33: =VLOOKUP($M$2,Form_PrimeiraFase!$C$2:$FB$69,27,FALSE) -> Liverpool | N33: =VLOOKUP($N$2,Form_PrimeiraFase!$C$2:$FB$69,27,FALSE) -> Liverpool | O33: =VLOOKUP($O$2,Form_PrimeiraFase!$C$2:$FB$69,27,FALSE) -> Empate | P33: =VLOOKUP($P$2,Form_PrimeiraFase!$C$2:$FB$69,27,FALSE) -> Liverpool | Q33: =VLOOKUP($Q$2,Form_PrimeiraFase!$C$2:$FB$69,27,FALSE) -> Liverpool | R33: =VLOOKUP($R$2,Form_PrimeiraFase!$C$2:$FB$69,27,FALSE) -> Liverpool | S33: =VLOOKUP($S$2,Form_PrimeiraFase!$C$2:$FB$69,27,FALSE) -> Liverpool | T33: =VLOOKUP($T$2,Form_PrimeiraFase!$C$2:$FB$69,27,FALSE) -> Empate | U33: =VLOOKUP($U$2,Form_PrimeiraFase!$C$2:$FB$69,27,FALSE) -> Liverpool | V33: =VLOOKUP($V$2,Form_PrimeiraFase!$C$2:$FB$69,27,FALSE) -> Liverpool | W33: =VLOOKUP($W$2,Form_PrimeiraFase!$C$2:$FB$69,27,FALSE) -> Liverpool | X33: =COUNTIF($C33:$W33,J33) -> 17 | Y33: =COUNTIF($C33:$W33,K33) -> 17 | Z33: =COUNTIF($C33:$W33,R33) -> 17 | AA33: =COUNTIF($C33:$W33,D33) -> 17 | AB33: =COUNTIF($C33:$W33,N33) -> 17 | AC33: =COUNTIF($C33:$W33,O33) -> 4 | AD33: =COUNTIF($C33:$W33,G33) -> 4 | AE33: =COUNTIF($C33:$W33,F33) -> 17 | AF33: =COUNTIF($C33:$W33,E33) -> 17 | AG33: =COUNTIF($C33:$W33,S33) -> 17 | AH33: =COUNTIF($C33:$W33,C33) -> 17 | AI33: =COUNTIF($C33:$W33,P33) -> 17 | AJ33: =COUNTIF($C33:$W33,M33) -> 17 | AK33: =COUNTIF($C33:$W33,I33) -> 4 | AL33: =COUNTIF($C33:$W33,Q33) -> 17 | AM33: =COUNTIF($C33:$W33,L33) -> 17 | AN33: =COUNTIF($C33:$W33,H33) -> 17 | AO33: =COUNTIF($C33:$W33,T33) -> 4 | AP33: =COUNTIF($C33:$W33,U33) -> 17 | AQ33: =COUNTIF($C33:$W33,V33) -> 17 | AR33: =COUNTIF($C33:$W33,W33) -> 17
A34: Machtday 2 | B34: Bayern de Munique | C34: =VLOOKUP($C$2,Form_PrimeiraFase!$C$2:$FB$69,28,FALSE) -> Bayern de Munique | D34: =VLOOKUP($D$2,Form_PrimeiraFase!$C$2:$FB$69,28,FALSE) -> Bayern de Munique | E34: =VLOOKUP($E$2,Form_PrimeiraFase!$C$2:$FB$69,28,FALSE) -> Bayern de Munique | F34: =VLOOKUP($F$2,Form_PrimeiraFase!$C$2:$FB$69,28,FALSE) -> Bayern de Munique | G34: =VLOOKUP($G$2,Form_PrimeiraFase!$C$2:$FB$69,28,FALSE) -> Bayern de Munique | H34: =VLOOKUP($H$2,Form_PrimeiraFase!$C$2:$FB$69,28,FALSE) -> Bayern de Munique | I34: =VLOOKUP($I$2,Form_PrimeiraFase!$C$2:$FB$69,28,FALSE) -> Bayern de Munique | J34: =VLOOKUP($J$2,Form_PrimeiraFase!$C$2:$FB$69,28,FALSE) -> Bayern de Munique | K34: =VLOOKUP($K$2,Form_PrimeiraFase!$C$2:$FB$69,28,FALSE) -> Bayern de Munique | L34: =VLOOKUP($L$2,Form_PrimeiraFase!$C$2:$FB$69,28,FALSE) -> Bayern de Munique | M34: =VLOOKUP($M$2,Form_PrimeiraFase!$C$2:$FB$69,28,FALSE) -> Bayern de Munique | N34: =VLOOKUP($N$2,Form_PrimeiraFase!$C$2:$FB$69,28,FALSE) -> Bayern de Munique | O34: =VLOOKUP($O$2,Form_PrimeiraFase!$C$2:$FB$69,28,FALSE) -> Bayern de Munique | P34: =VLOOKUP($P$2,Form_PrimeiraFase!$C$2:$FB$69,28,FALSE) -> Bayern de Munique | Q34: =VLOOKUP($Q$2,Form_PrimeiraFase!$C$2:$FB$69,28,FALSE) -> Bayern de Munique | R34: =VLOOKUP($R$2,Form_PrimeiraFase!$C$2:$FB$69,28,FALSE) -> Bayern de Munique | S34: =VLOOKUP($S$2,Form_PrimeiraFase!$C$2:$FB$69,28,FALSE) -> Bayern de Munique | T34: =VLOOKUP($T$2,Form_PrimeiraFase!$C$2:$FB$69,28,FALSE) -> Bayern de Munique | U34: =VLOOKUP($U$2,Form_PrimeiraFase!$C$2:$FB$69,28,FALSE) -> Bayern de Munique | V34: =VLOOKUP($V$2,Form_PrimeiraFase!$C$2:$FB$69,28,FALSE) -> Bayern de Munique | W34: =VLOOKUP($W$2,Form_PrimeiraFase!$C$2:$FB$69,28,FALSE) -> Bayern de Munique | X34: =COUNTIF($C34:$W34,J34) -> 21 | Y34: =COUNTIF($C34:$W34,K34) -> 21 | Z34: =COUNTIF($C34:$W34,R34) -> 21 | AA34: =COUNTIF($C34:$W34,D34) -> 21 | AB34: =COUNTIF($C34:$W34,N34) -> 21 | AC34: =COUNTIF($C34:$W34,O34) -> 21 | AD34: =COUNTIF($C34:$W34,G34) -> 21 | AE34: =COUNTIF($C34:$W34,F34) -> 21 | AF34: =COUNTIF($C34:$W34,E34) -> 21 | AG34: =COUNTIF($C34:$W34,S34) -> 21 | AH34: =COUNTIF($C34:$W34,C34) -> 21 | AI34: =COUNTIF($C34:$W34,P34) -> 21 | AJ34: =COUNTIF($C34:$W34,M34) -> 21 | AK34: =COUNTIF($C34:$W34,I34) -> 21 | AL34: =COUNTIF($C34:$W34,Q34) -> 21 | AM34: =COUNTIF($C34:$W34,L34) -> 21 | AN34: =COUNTIF($C34:$W34,H34) -> 21 | AO34: =COUNTIF($C34:$W34,T34) -> 21 | AP34: =COUNTIF($C34:$W34,U34) -> 21 | AQ34: =COUNTIF($C34:$W34,V34) -> 21 | AR34: =COUNTIF($C34:$W34,W34) -> 21
A35: Machtday 2 | B35: Newcastle | C35: =VLOOKUP($C$2,Form_PrimeiraFase!$C$2:$FB$69,29,FALSE) -> Newcastle | D35: =VLOOKUP($D$2,Form_PrimeiraFase!$C$2:$FB$69,29,FALSE) -> Newcastle | E35: =VLOOKUP($E$2,Form_PrimeiraFase!$C$2:$FB$69,29,FALSE) -> Newcastle | F35: =VLOOKUP($F$2,Form_PrimeiraFase!$C$2:$FB$69,29,FALSE) -> Newcastle | G35: =VLOOKUP($G$2,Form_PrimeiraFase!$C$2:$FB$69,29,FALSE) -> Newcastle | H35: =VLOOKUP($H$2,Form_PrimeiraFase!$C$2:$FB$69,29,FALSE) -> Newcastle | I35: =VLOOKUP($I$2,Form_PrimeiraFase!$C$2:$FB$69,29,FALSE) -> Newcastle | J35: =VLOOKUP($J$2,Form_PrimeiraFase!$C$2:$FB$69,29,FALSE) -> Newcastle | K35: =VLOOKUP($K$2,Form_PrimeiraFase!$C$2:$FB$69,29,FALSE) -> Newcastle | L35: =VLOOKUP($L$2,Form_PrimeiraFase!$C$2:$FB$69,29,FALSE) -> Newcastle | M35: =VLOOKUP($M$2,Form_PrimeiraFase!$C$2:$FB$69,29,FALSE) -> Newcastle | N35: =VLOOKUP($N$2,Form_PrimeiraFase!$C$2:$FB$69,29,FALSE) -> Newcastle | O35: =VLOOKUP($O$2,Form_PrimeiraFase!$C$2:$FB$69,29,FALSE) -> Newcastle | P35: =VLOOKUP($P$2,Form_PrimeiraFase!$C$2:$FB$69,29,FALSE) -> Newcastle | Q35: =VLOOKUP($Q$2,Form_PrimeiraFase!$C$2:$FB$69,29,FALSE) -> Newcastle | R35: =VLOOKUP($R$2,Form_PrimeiraFase!$C$2:$FB$69,29,FALSE) -> Newcastle | S35: =VLOOKUP($S$2,Form_PrimeiraFase!$C$2:$FB$69,29,FALSE) -> Newcastle | T35: =VLOOKUP($T$2,Form_PrimeiraFase!$C$2:$FB$69,29,FALSE) -> Newcastle | U35: =VLOOKUP($U$2,Form_PrimeiraFase!$C$2:$FB$69,29,FALSE) -> Newcastle | V35: =VLOOKUP($V$2,Form_PrimeiraFase!$C$2:$FB$69,29,FALSE) -> Newcastle | W35: =VLOOKUP($W$2,Form_PrimeiraFase!$C$2:$FB$69,29,FALSE) -> Newcastle | X35: =COUNTIF($C35:$W35,J35) -> 21 | Y35: =COUNTIF($C35:$W35,K35) -> 21 | Z35: =COUNTIF($C35:$W35,R35) -> 21 | AA35: =COUNTIF($C35:$W35,D35) -> 21 | AB35: =COUNTIF($C35:$W35,N35) -> 21 | AC35: =COUNTIF($C35:$W35,O35) -> 21 | AD35: =COUNTIF($C35:$W35,G35) -> 21 | AE35: =COUNTIF($C35:$W35,F35) -> 21 | AF35: =COUNTIF($C35:$W35,E35) -> 21 | AG35: =COUNTIF($C35:$W35,S35) -> 21 | AH35: =COUNTIF($C35:$W35,C35) -> 21 | AI35: =COUNTIF($C35:$W35,P35) -> 21 | AJ35: =COUNTIF($C35:$W35,M35) -> 21 | AK35: =COUNTIF($C35:$W35,I35) -> 21 | AL35: =COUNTIF($C35:$W35,Q35) -> 21 | AM35: =COUNTIF($C35:$W35,L35) -> 21 | AN35: =COUNTIF($C35:$W35,H35) -> 21 | AO35: =COUNTIF($C35:$W35,T35) -> 21 | AP35: =COUNTIF($C35:$W35,U35) -> 21 | AQ35: =COUNTIF($C35:$W35,V35) -> 21 | AR35: =COUNTIF($C35:$W35,W35) -> 21
A36: Machtday 2 | B36: Qarabag | C36: =VLOOKUP($C$2,Form_PrimeiraFase!$C$2:$FB$69,30,FALSE) -> Copenhagen | D36: =VLOOKUP($D$2,Form_PrimeiraFase!$C$2:$FB$69,30,FALSE) -> Qarabag | E36: =VLOOKUP($E$2,Form_PrimeiraFase!$C$2:$FB$69,30,FALSE) -> Copenhagen | F36: =VLOOKUP($F$2,Form_PrimeiraFase!$C$2:$FB$69,30,FALSE) -> Copenhagen | G36: =VLOOKUP($G$2,Form_PrimeiraFase!$C$2:$FB$69,30,FALSE) -> Empate | H36: =VLOOKUP($H$2,Form_PrimeiraFase!$C$2:$FB$69,30,FALSE) -> Qarabag | I36: =VLOOKUP($I$2,Form_PrimeiraFase!$C$2:$FB$69,30,FALSE) -> Empate | J36: =VLOOKUP($J$2,Form_PrimeiraFase!$C$2:$FB$69,30,FALSE) -> Empate | K36: =VLOOKUP($K$2,Form_PrimeiraFase!$C$2:$FB$69,30,FALSE) -> Copenhagen | L36: =VLOOKUP($L$2,Form_PrimeiraFase!$C$2:$FB$69,30,FALSE) -> Qarabag | M36: =VLOOKUP($M$2,Form_PrimeiraFase!$C$2:$FB$69,30,FALSE) -> Empate | N36: =VLOOKUP($N$2,Form_PrimeiraFase!$C$2:$FB$69,30,FALSE) -> Copenhagen | O36: =VLOOKUP($O$2,Form_PrimeiraFase!$C$2:$FB$69,30,FALSE) -> Empate | P36: =VLOOKUP($P$2,Form_PrimeiraFase!$C$2:$FB$69,30,FALSE) -> Qarabag | Q36: =VLOOKUP($Q$2,Form_PrimeiraFase!$C$2:$FB$69,30,FALSE) -> Qarabag | R36: =VLOOKUP($R$2,Form_PrimeiraFase!$C$2:$FB$69,30,FALSE) -> Qarabag | S36: =VLOOKUP($S$2,Form_PrimeiraFase!$C$2:$FB$69,30,FALSE) -> Copenhagen | T36: =VLOOKUP($T$2,Form_PrimeiraFase!$C$2:$FB$69,30,FALSE) -> Copenhagen | U36: =VLOOKUP($U$2,Form_PrimeiraFase!$C$2:$FB$69,30,FALSE) -> Empate | V36: =VLOOKUP($V$2,Form_PrimeiraFase!$C$2:$FB$69,30,FALSE) -> Empate | W36: =VLOOKUP($W$2,Form_PrimeiraFase!$C$2:$FB$69,30,FALSE) -> Copenhagen | X36: =COUNTIF($C36:$W36,J36) -> 7 | Y36: =COUNTIF($C36:$W36,K36) -> 8 | Z36: =COUNTIF($C36:$W36,R36) -> 6 | AA36: =COUNTIF($C36:$W36,D36) -> 6 | AB36: =COUNTIF($C36:$W36,N36) -> 8 | AC36: =COUNTIF($C36:$W36,O36) -> 7 | AD36: =COUNTIF($C36:$W36,G36) -> 7 | AE36: =COUNTIF($C36:$W36,F36) -> 8 | AF36: =COUNTIF($C36:$W36,E36) -> 8 | AG36: =COUNTIF($C36:$W36,S36) -> 8 | AH36: =COUNTIF($C36:$W36,C36) -> 8 | AI36: =COUNTIF($C36:$W36,P36) -> 6 | AJ36: =COUNTIF($C36:$W36,M36) -> 7 | AK36: =COUNTIF($C36:$W36,I36) -> 7 | AL36: =COUNTIF($C36:$W36,Q36) -> 6 | AM36: =COUNTIF($C36:$W36,L36) -> 6 | AN36: =COUNTIF($C36:$W36,H36) -> 6 | AO36: =COUNTIF($C36:$W36,T36) -> 8 | AP36: =COUNTIF($C36:$W36,U36) -> 7 | AQ36: =COUNTIF($C36:$W36,V36) -> 7 | AR36: =COUNTIF($C36:$W36,W36) -> 8
A37: Machtday 2 | B37: Arsenal | C37: =VLOOKUP($C$2,Form_PrimeiraFase!$C$2:$FB$69,31,FALSE) -> Arsenal | D37: =VLOOKUP($D$2,Form_PrimeiraFase!$C$2:$FB$69,31,FALSE) -> Arsenal | E37: =VLOOKUP($E$2,Form_PrimeiraFase!$C$2:$FB$69,31,FALSE) -> Arsenal | F37: =VLOOKUP($F$2,Form_PrimeiraFase!$C$2:$FB$69,31,FALSE) -> Arsenal | G37: =VLOOKUP($G$2,Form_PrimeiraFase!$C$2:$FB$69,31,FALSE) -> Arsenal | H37: =VLOOKUP($H$2,Form_PrimeiraFase!$C$2:$FB$69,31,FALSE) -> Arsenal | I37: =VLOOKUP($I$2,Form_PrimeiraFase!$C$2:$FB$69,31,FALSE) -> Arsenal | J37: =VLOOKUP($J$2,Form_PrimeiraFase!$C$2:$FB$69,31,FALSE) -> Arsenal | K37: =VLOOKUP($K$2,Form_PrimeiraFase!$C$2:$FB$69,31,FALSE) -> Arsenal | L37: =VLOOKUP($L$2,Form_PrimeiraFase!$C$2:$FB$69,31,FALSE) -> Arsenal | M37: =VLOOKUP($M$2,Form_PrimeiraFase!$C$2:$FB$69,31,FALSE) -> Arsenal | N37: =VLOOKUP($N$2,Form_PrimeiraFase!$C$2:$FB$69,31,FALSE) -> Arsenal | O37: =VLOOKUP($O$2,Form_PrimeiraFase!$C$2:$FB$69,31,FALSE) -> Arsenal | P37: =VLOOKUP($P$2,Form_PrimeiraFase!$C$2:$FB$69,31,FALSE) -> Arsenal | Q37: =VLOOKUP($Q$2,Form_PrimeiraFase!$C$2:$FB$69,31,FALSE) -> Arsenal | R37: =VLOOKUP($R$2,Form_PrimeiraFase!$C$2:$FB$69,31,FALSE) -> Arsenal | S37: =VLOOKUP($S$2,Form_PrimeiraFase!$C$2:$FB$69,31,FALSE) -> Arsenal | T37: =VLOOKUP($T$2,Form_PrimeiraFase!$C$2:$FB$69,31,FALSE) -> Arsenal | U37: =VLOOKUP($U$2,Form_PrimeiraFase!$C$2:$FB$69,31,FALSE) -> Arsenal | V37: =VLOOKUP($V$2,Form_PrimeiraFase!$C$2:$FB$69,31,FALSE) -> Arsenal | W37: =VLOOKUP($W$2,Form_PrimeiraFase!$C$2:$FB$69,31,FALSE) -> Arsenal | X37: =COUNTIF($C37:$W37,J37) -> 21 | Y37: =COUNTIF($C37:$W37,K37) -> 21 | Z37: =COUNTIF($C37:$W37,R37) -> 21 | AA37: =COUNTIF($C37:$W37,D37) -> 21 | AB37: =COUNTIF($C37:$W37,N37) -> 21 | AC37: =COUNTIF($C37:$W37,O37) -> 21 | AD37: =COUNTIF($C37:$W37,G37) -> 21 | AE37: =COUNTIF($C37:$W37,F37) -> 21 | AF37: =COUNTIF($C37:$W37,E37) -> 21 | AG37: =COUNTIF($C37:$W37,S37) -> 21 | AH37: =COUNTIF($C37:$W37,C37) -> 21 | AI37: =COUNTIF($C37:$W37,P37) -> 21 | AJ37: =COUNTIF($C37:$W37,M37) -> 21 | AK37: =COUNTIF($C37:$W37,I37) -> 21 | AL37: =COUNTIF($C37:$W37,Q37) -> 21 | AM37: =COUNTIF($C37:$W37,L37) -> 21 | AN37: =COUNTIF($C37:$W37,H37) -> 21 | AO37: =COUNTIF($C37:$W37,T37) -> 21 | AP37: =COUNTIF($C37:$W37,U37) -> 21 | AQ37: =COUNTIF($C37:$W37,V37) -> 21 | AR37: =COUNTIF($C37:$W37,W37) -> 21
A38: Machtday 2 | B38: Empate | C38: =VLOOKUP($C$2,Form_PrimeiraFase!$C$2:$FB$69,32,FALSE) -> Bayer Leverkusen | D38: =VLOOKUP($D$2,Form_PrimeiraFase!$C$2:$FB$69,32,FALSE) -> Bayer Leverkusen | E38: =VLOOKUP($E$2,Form_PrimeiraFase!$C$2:$FB$69,32,FALSE) -> Bayer Leverkusen | F38: =VLOOKUP($F$2,Form_PrimeiraFase!$C$2:$FB$69,32,FALSE) -> Bayer Leverkusen | G38: =VLOOKUP($G$2,Form_PrimeiraFase!$C$2:$FB$69,32,FALSE) -> Bayer Leverkusen | H38: =VLOOKUP($H$2,Form_PrimeiraFase!$C$2:$FB$69,32,FALSE) -> Bayer Leverkusen | I38: =VLOOKUP($I$2,Form_PrimeiraFase!$C$2:$FB$69,32,FALSE) -> Bayer Leverkusen | J38: =VLOOKUP($J$2,Form_PrimeiraFase!$C$2:$FB$69,32,FALSE) -> Bayer Leverkusen | K38: =VLOOKUP($K$2,Form_PrimeiraFase!$C$2:$FB$69,32,FALSE) -> Empate | L38: =VLOOKUP($L$2,Form_PrimeiraFase!$C$2:$FB$69,32,FALSE) -> Bayer Leverkusen | M38: =VLOOKUP($M$2,Form_PrimeiraFase!$C$2:$FB$69,32,FALSE) -> Empate | N38: =VLOOKUP($N$2,Form_PrimeiraFase!$C$2:$FB$69,32,FALSE) -> Empate | O38: =VLOOKUP($O$2,Form_PrimeiraFase!$C$2:$FB$69,32,FALSE) -> Empate | P38: =VLOOKUP($P$2,Form_PrimeiraFase!$C$2:$FB$69,32,FALSE) -> Bayer Leverkusen | Q38: =VLOOKUP($Q$2,Form_PrimeiraFase!$C$2:$FB$69,32,FALSE) -> Empate | R38: =VLOOKUP($R$2,Form_PrimeiraFase!$C$2:$FB$69,32,FALSE) -> Empate | S38: =VLOOKUP($S$2,Form_PrimeiraFase!$C$2:$FB$69,32,FALSE) -> Bayer Leverkusen | T38: =VLOOKUP($T$2,Form_PrimeiraFase!$C$2:$FB$69,32,FALSE) -> Bayer Leverkusen | U38: =VLOOKUP($U$2,Form_PrimeiraFase!$C$2:$FB$69,32,FALSE) -> Bayer Leverkusen | V38: =VLOOKUP($V$2,Form_PrimeiraFase!$C$2:$FB$69,32,FALSE) -> PSV Eindhoven | W38: =VLOOKUP($W$2,Form_PrimeiraFase!$C$2:$FB$69,32,FALSE) -> Bayer Leverkusen | X38: =COUNTIF($C38:$W38,J38) -> 14 | Y38: =COUNTIF($C38:$W38,K38) -> 6 | Z38: =COUNTIF($C38:$W38,R38) -> 6 | AA38: =COUNTIF($C38:$W38,D38) -> 14 | AB38: =COUNTIF($C38:$W38,N38) -> 6 | AC38: =COUNTIF($C38:$W38,O38) -> 6 | AD38: =COUNTIF($C38:$W38,G38) -> 14 | AE38: =COUNTIF($C38:$W38,F38) -> 14 | AF38: =COUNTIF($C38:$W38,E38) -> 14 | AG38: =COUNTIF($C38:$W38,S38) -> 14 | AH38: =COUNTIF($C38:$W38,C38) -> 14 | AI38: =COUNTIF($C38:$W38,P38) -> 14 | AJ38: =COUNTIF($C38:$W38,M38) -> 6 | AK38: =COUNTIF($C38:$W38,I38) -> 14 | AL38: =COUNTIF($C38:$W38,Q38) -> 6 | AM38: =COUNTIF($C38:$W38,L38) -> 14 | AN38: =COUNTIF($C38:$W38,H38) -> 14 | AO38: =COUNTIF($C38:$W38,T38) -> 14 | AP38: =COUNTIF($C38:$W38,U38) -> 14 | AQ38: =COUNTIF($C38:$W38,V38) -> 1 | AR38: =COUNTIF($C38:$W38,W38) -> 14
A39: Machtday 2 | B39: Empate | C39: =VLOOKUP($C$2,Form_PrimeiraFase!$C$2:$FB$69,33,FALSE) -> Juventus | D39: =VLOOKUP($D$2,Form_PrimeiraFase!$C$2:$FB$69,33,FALSE) -> Empate | E39: =VLOOKUP($E$2,Form_PrimeiraFase!$C$2:$FB$69,33,FALSE) -> Juventus | F39: =VLOOKUP($F$2,Form_PrimeiraFase!$C$2:$FB$69,33,FALSE) -> Juventus | G39: =VLOOKUP($G$2,Form_PrimeiraFase!$C$2:$FB$69,33,FALSE) -> Villarreal | H39: =VLOOKUP($H$2,Form_PrimeiraFase!$C$2:$FB$69,33,FALSE) -> Villarreal | I39: =VLOOKUP($I$2,Form_PrimeiraFase!$C$2:$FB$69,33,FALSE) -> Juventus | J39: =VLOOKUP($J$2,Form_PrimeiraFase!$C$2:$FB$69,33,FALSE) -> Juventus | K39: =VLOOKUP($K$2,Form_PrimeiraFase!$C$2:$FB$69,33,FALSE) -> Villarreal | L39: =VLOOKUP($L$2,Form_PrimeiraFase!$C$2:$FB$69,33,FALSE) -> Empate | M39: =VLOOKUP($M$2,Form_PrimeiraFase!$C$2:$FB$69,33,FALSE) -> Empate | N39: =VLOOKUP($N$2,Form_PrimeiraFase!$C$2:$FB$69,33,FALSE) -> Juventus | O39: =VLOOKUP($O$2,Form_PrimeiraFase!$C$2:$FB$69,33,FALSE) -> Juventus | P39: =VLOOKUP($P$2,Form_PrimeiraFase!$C$2:$FB$69,33,FALSE) -> Villarreal | Q39: =VLOOKUP($Q$2,Form_PrimeiraFase!$C$2:$FB$69,33,FALSE) -> Villarreal | R39: =VLOOKUP($R$2,Form_PrimeiraFase!$C$2:$FB$69,33,FALSE) -> Villarreal | S39: =VLOOKUP($S$2,Form_PrimeiraFase!$C$2:$FB$69,33,FALSE) -> Juventus | T39: =VLOOKUP($T$2,Form_PrimeiraFase!$C$2:$FB$69,33,FALSE) -> Villarreal | U39: =VLOOKUP($U$2,Form_PrimeiraFase!$C$2:$FB$69,33,FALSE) -> Juventus | V39: =VLOOKUP($V$2,Form_PrimeiraFase!$C$2:$FB$69,33,FALSE) -> Juventus | W39: =VLOOKUP($W$2,Form_PrimeiraFase!$C$2:$FB$69,33,FALSE) -> Juventus | X39: =COUNTIF($C39:$W39,J39) -> 11 | Y39: =COUNTIF($C39:$W39,K39) -> 7 | Z39: =COUNTIF($C39:$W39,R39) -> 7 | AA39: =COUNTIF($C39:$W39,D39) -> 3 | AB39: =COUNTIF($C39:$W39,N39) -> 11 | AC39: =COUNTIF($C39:$W39,O39) -> 11 | AD39: =COUNTIF($C39:$W39,G39) -> 7 | AE39: =COUNTIF($C39:$W39,F39) -> 11 | AF39: =COUNTIF($C39:$W39,E39) -> 11 | AG39: =COUNTIF($C39:$W39,S39) -> 11 | AH39: =COUNTIF($C39:$W39,C39) -> 11 | AI39: =COUNTIF($C39:$W39,P39) -> 7 | AJ39: =COUNTIF($C39:$W39,M39) -> 3 | AK39: =COUNTIF($C39:$W39,I39) -> 11 | AL39: =COUNTIF($C39:$W39,Q39) -> 7 | AM39: =COUNTIF($C39:$W39,L39) -> 3 | AN39: =COUNTIF($C39:$W39,H39) -> 7 | AO39: =COUNTIF($C39:$W39,T39) -> 7 | AP39: =COUNTIF($C39:$W39,U39) -> 11 | AQ39: =COUNTIF($C39:$W39,V39) -> 11 | AR39: =COUNTIF($C39:$W39,W39) -> 11
A40: Machtday 2 | B40: Napoli | C40: =VLOOKUP($C$2,Form_PrimeiraFase!$C$2:$FB$69,34,FALSE) -> Napoli | D40: =VLOOKUP($D$2,Form_PrimeiraFase!$C$2:$FB$69,34,FALSE) -> Napoli | E40: =VLOOKUP($E$2,Form_PrimeiraFase!$C$2:$FB$69,34,FALSE) -> Napoli | F40: =VLOOKUP($F$2,Form_PrimeiraFase!$C$2:$FB$69,34,FALSE) -> Sporting | G40: =VLOOKUP($G$2,Form_PrimeiraFase!$C$2:$FB$69,34,FALSE) -> Napoli | H40: =VLOOKUP($H$2,Form_PrimeiraFase!$C$2:$FB$69,34,FALSE) -> Napoli | I40: =VLOOKUP($I$2,Form_PrimeiraFase!$C$2:$FB$69,34,FALSE) -> Napoli | J40: =VLOOKUP($J$2,Form_PrimeiraFase!$C$2:$FB$69,34,FALSE) -> Napoli | K40: =VLOOKUP($K$2,Form_PrimeiraFase!$C$2:$FB$69,34,FALSE) -> Napoli | L40: =VLOOKUP($L$2,Form_PrimeiraFase!$C$2:$FB$69,34,FALSE) -> Napoli | M40: =VLOOKUP($M$2,Form_PrimeiraFase!$C$2:$FB$69,34,FALSE) -> Empate | N40: =VLOOKUP($N$2,Form_PrimeiraFase!$C$2:$FB$69,34,FALSE) -> Napoli | O40: =VLOOKUP($O$2,Form_PrimeiraFase!$C$2:$FB$69,34,FALSE) -> Napoli | P40: =VLOOKUP($P$2,Form_PrimeiraFase!$C$2:$FB$69,34,FALSE) -> Napoli | Q40: =VLOOKUP($Q$2,Form_PrimeiraFase!$C$2:$FB$69,34,FALSE) -> Napoli | R40: =VLOOKUP($R$2,Form_PrimeiraFase!$C$2:$FB$69,34,FALSE) -> Napoli | S40: =VLOOKUP($S$2,Form_PrimeiraFase!$C$2:$FB$69,34,FALSE) -> Napoli | T40: =VLOOKUP($T$2,Form_PrimeiraFase!$C$2:$FB$69,34,FALSE) -> Napoli | U40: =VLOOKUP($U$2,Form_PrimeiraFase!$C$2:$FB$69,34,FALSE) -> Napoli | V40: =VLOOKUP($V$2,Form_PrimeiraFase!$C$2:$FB$69,34,FALSE) -> Napoli | W40: =VLOOKUP($W$2,Form_PrimeiraFase!$C$2:$FB$69,34,FALSE) -> Napoli | X40: =COUNTIF($C40:$W40,J40) -> 19 | Y40: =COUNTIF($C40:$W40,K40) -> 19 | Z40: =COUNTIF($C40:$W40,R40) -> 19 | AA40: =COUNTIF($C40:$W40,D40) -> 19 | AB40: =COUNTIF($C40:$W40,N40) -> 19 | AC40: =COUNTIF($C40:$W40,O40) -> 19 | AD40: =COUNTIF($C40:$W40,G40) -> 19 | AE40: =COUNTIF($C40:$W40,F40) -> 1 | AF40: =COUNTIF($C40:$W40,E40) -> 19 | AG40: =COUNTIF($C40:$W40,S40) -> 19 | AH40: =COUNTIF($C40:$W40,C40) -> 19 | AI40: =COUNTIF($C40:$W40,P40) -> 19 | AJ40: =COUNTIF($C40:$W40,M40) -> 1 | AK40: =COUNTIF($C40:$W40,I40) -> 19 | AL40: =COUNTIF($C40:$W40,Q40) -> 19 | AM40: =COUNTIF($C40:$W40,L40) -> 19 | AN40: =COUNTIF($C40:$W40,H40) -> 19 | AO40: =COUNTIF($C40:$W40,T40) -> 19 | AP40: =COUNTIF($C40:$W40,U40) -> 19 | AQ40: =COUNTIF($C40:$W40,V40) -> 19 | AR40: =COUNTIF($C40:$W40,W40) -> 19
A41: Machtday 2 | B41: Empate | C41: =VLOOKUP($C$2,Form_PrimeiraFase!$C$2:$FB$69,35,FALSE) -> Manchester City | D41: =VLOOKUP($D$2,Form_PrimeiraFase!$C$2:$FB$69,35,FALSE) -> Manchester City | E41: =VLOOKUP($E$2,Form_PrimeiraFase!$C$2:$FB$69,35,FALSE) -> Manchester City | F41: =VLOOKUP($F$2,Form_PrimeiraFase!$C$2:$FB$69,35,FALSE) -> Manchester City | G41: =VLOOKUP($G$2,Form_PrimeiraFase!$C$2:$FB$69,35,FALSE) -> Manchester City | H41: =VLOOKUP($H$2,Form_PrimeiraFase!$C$2:$FB$69,35,FALSE) -> Manchester City | I41: =VLOOKUP($I$2,Form_PrimeiraFase!$C$2:$FB$69,35,FALSE) -> Manchester City | J41: =VLOOKUP($J$2,Form_PrimeiraFase!$C$2:$FB$69,35,FALSE) -> Manchester City | K41: =VLOOKUP($K$2,Form_PrimeiraFase!$C$2:$FB$69,35,FALSE) -> Manchester City | L41: =VLOOKUP($L$2,Form_PrimeiraFase!$C$2:$FB$69,35,FALSE) -> Manchester City | M41: =VLOOKUP($M$2,Form_PrimeiraFase!$C$2:$FB$69,35,FALSE) -> Manchester City | N41: =VLOOKUP($N$2,Form_PrimeiraFase!$C$2:$FB$69,35,FALSE) -> Manchester City | O41: =VLOOKUP($O$2,Form_PrimeiraFase!$C$2:$FB$69,35,FALSE) -> Manchester City | P41: =VLOOKUP($P$2,Form_PrimeiraFase!$C$2:$FB$69,35,FALSE) -> Manchester City | Q41: =VLOOKUP($Q$2,Form_PrimeiraFase!$C$2:$FB$69,35,FALSE) -> Manchester City | R41: =VLOOKUP($R$2,Form_PrimeiraFase!$C$2:$FB$69,35,FALSE) -> Empate | S41: =VLOOKUP($S$2,Form_PrimeiraFase!$C$2:$FB$69,35,FALSE) -> Manchester City | T41: =VLOOKUP($T$2,Form_PrimeiraFase!$C$2:$FB$69,35,FALSE) -> Monaco | U41: =VLOOKUP($U$2,Form_PrimeiraFase!$C$2:$FB$69,35,FALSE) -> Empate | V41: =VLOOKUP($V$2,Form_PrimeiraFase!$C$2:$FB$69,35,FALSE) -> Manchester City | W41: =VLOOKUP($W$2,Form_PrimeiraFase!$C$2:$FB$69,35,FALSE) -> Manchester City | X41: =COUNTIF($C41:$W41,J41) -> 18 | Y41: =COUNTIF($C41:$W41,K41) -> 18 | Z41: =COUNTIF($C41:$W41,R41) -> 2 | AA41: =COUNTIF($C41:$W41,D41) -> 18 | AB41: =COUNTIF($C41:$W41,N41) -> 18 | AC41: =COUNTIF($C41:$W41,O41) -> 18 | AD41: =COUNTIF($C41:$W41,G41) -> 18 | AE41: =COUNTIF($C41:$W41,F41) -> 18 | AF41: =COUNTIF($C41:$W41,E41) -> 18 | AG41: =COUNTIF($C41:$W41,S41) -> 18 | AH41: =COUNTIF($C41:$W41,C41) -> 18 | AI41: =COUNTIF($C41:$W41,P41) -> 18 | AJ41: =COUNTIF($C41:$W41,M41) -> 18 | AK41: =COUNTIF($C41:$W41,I41) -> 18 | AL41: =COUNTIF($C41:$W41,Q41) -> 18 | AM41: =COUNTIF($C41:$W41,L41) -> 18 | AN41: =COUNTIF($C41:$W41,H41) -> 18 | AO41: =COUNTIF($C41:$W41,T41) -> 1 | AP41: =COUNTIF($C41:$W41,U41) -> 2 | AQ41: =COUNTIF($C41:$W41,V41) -> 18 | AR41: =COUNTIF($C41:$W41,W41) -> 18
A42: Machtday 2 | B42: Borussia Dortmund | C42: =VLOOKUP($C$2,Form_PrimeiraFase!$C$2:$FB$69,36,FALSE) -> Borussia Dortmund | D42: =VLOOKUP($D$2,Form_PrimeiraFase!$C$2:$FB$69,36,FALSE) -> Borussia Dortmund | E42: =VLOOKUP($E$2,Form_PrimeiraFase!$C$2:$FB$69,36,FALSE) -> Borussia Dortmund | F42: =VLOOKUP($F$2,Form_PrimeiraFase!$C$2:$FB$69,36,FALSE) -> Borussia Dortmund | G42: =VLOOKUP($G$2,Form_PrimeiraFase!$C$2:$FB$69,36,FALSE) -> Borussia Dortmund | H42: =VLOOKUP($H$2,Form_PrimeiraFase!$C$2:$FB$69,36,FALSE) -> Borussia Dortmund | I42: =VLOOKUP($I$2,Form_PrimeiraFase!$C$2:$FB$69,36,FALSE) -> Borussia Dortmund | J42: =VLOOKUP($J$2,Form_PrimeiraFase!$C$2:$FB$69,36,FALSE) -> Borussia Dortmund | K42: =VLOOKUP($K$2,Form_PrimeiraFase!$C$2:$FB$69,36,FALSE) -> Borussia Dortmund | L42: =VLOOKUP($L$2,Form_PrimeiraFase!$C$2:$FB$69,36,FALSE) -> Borussia Dortmund | M42: =VLOOKUP($M$2,Form_PrimeiraFase!$C$2:$FB$69,36,FALSE) -> Empate | N42: =VLOOKUP($N$2,Form_PrimeiraFase!$C$2:$FB$69,36,FALSE) -> Borussia Dortmund | O42: =VLOOKUP($O$2,Form_PrimeiraFase!$C$2:$FB$69,36,FALSE) -> Borussia Dortmund | P42: =VLOOKUP($P$2,Form_PrimeiraFase!$C$2:$FB$69,36,FALSE) -> Borussia Dortmund | Q42: =VLOOKUP($Q$2,Form_PrimeiraFase!$C$2:$FB$69,36,FALSE) -> Empate | R42: =VLOOKUP($R$2,Form_PrimeiraFase!$C$2:$FB$69,36,FALSE) -> Borussia Dortmund | S42: =VLOOKUP($S$2,Form_PrimeiraFase!$C$2:$FB$69,36,FALSE) -> Borussia Dortmund | T42: =VLOOKUP($T$2,Form_PrimeiraFase!$C$2:$FB$69,36,FALSE) -> Borussia Dortmund | U42: =VLOOKUP($U$2,Form_PrimeiraFase!$C$2:$FB$69,36,FALSE) -> Borussia Dortmund | V42: =VLOOKUP($V$2,Form_PrimeiraFase!$C$2:$FB$69,36,FALSE) -> Borussia Dortmund | W42: =VLOOKUP($W$2,Form_PrimeiraFase!$C$2:$FB$69,36,FALSE) -> Borussia Dortmund | X42: =COUNTIF($C42:$W42,J42) -> 19 | Y42: =COUNTIF($C42:$W42,K42) -> 19 | Z42: =COUNTIF($C42:$W42,R42) -> 19 | AA42: =COUNTIF($C42:$W42,D42) -> 19 | AB42: =COUNTIF($C42:$W42,N42) -> 19 | AC42: =COUNTIF($C42:$W42,O42) -> 19 | AD42: =COUNTIF($C42:$W42,G42) -> 19 | AE42: =COUNTIF($C42:$W42,F42) -> 19 | AF42: =COUNTIF($C42:$W42,E42) -> 19 | AG42: =COUNTIF($C42:$W42,S42) -> 19 | AH42: =COUNTIF($C42:$W42,C42) -> 19 | AI42: =COUNTIF($C42:$W42,P42) -> 19 | AJ42: =COUNTIF($C42:$W42,M42) -> 2 | AK42: =COUNTIF($C42:$W42,I42) -> 19 | AL42: =COUNTIF($C42:$W42,Q42) -> 2 | AM42: =COUNTIF($C42:$W42,L42) -> 19 | AN42: =COUNTIF($C42:$W42,H42) -> 19 | AO42: =COUNTIF($C42:$W42,T42) -> 19 | AP42: =COUNTIF($C42:$W42,U42) -> 19 | AQ42: =COUNTIF($C42:$W42,V42) -> 19 | AR42: =COUNTIF($C42:$W42,W42) -> 19
A43: Machtday 2 | B43: Paris Saint-Germain | C43: =VLOOKUP($C$2,Form_PrimeiraFase!$C$2:$FB$69,37,FALSE) -> Barcelona | D43: =VLOOKUP($D$2,Form_PrimeiraFase!$C$2:$FB$69,37,FALSE) -> Barcelona | E43: =VLOOKUP($E$2,Form_PrimeiraFase!$C$2:$FB$69,37,FALSE) -> Barcelona | F43: =VLOOKUP($F$2,Form_PrimeiraFase!$C$2:$FB$69,37,FALSE) -> Barcelona | G43: =VLOOKUP($G$2,Form_PrimeiraFase!$C$2:$FB$69,37,FALSE) -> Barcelona | H43: =VLOOKUP($H$2,Form_PrimeiraFase!$C$2:$FB$69,37,FALSE) -> Barcelona | I43: =VLOOKUP($I$2,Form_PrimeiraFase!$C$2:$FB$69,37,FALSE) -> Barcelona | J43: =VLOOKUP($J$2,Form_PrimeiraFase!$C$2:$FB$69,37,FALSE) -> Barcelona | K43: =VLOOKUP($K$2,Form_PrimeiraFase!$C$2:$FB$69,37,FALSE) -> Barcelona | L43: =VLOOKUP($L$2,Form_PrimeiraFase!$C$2:$FB$69,37,FALSE) -> Barcelona | M43: =VLOOKUP($M$2,Form_PrimeiraFase!$C$2:$FB$69,37,FALSE) -> Barcelona | N43: =VLOOKUP($N$2,Form_PrimeiraFase!$C$2:$FB$69,37,FALSE) -> Barcelona | O43: =VLOOKUP($O$2,Form_PrimeiraFase!$C$2:$FB$69,37,FALSE) -> Empate | P43: =VLOOKUP($P$2,Form_PrimeiraFase!$C$2:$FB$69,37,FALSE) -> Barcelona | Q43: =VLOOKUP($Q$2,Form_PrimeiraFase!$C$2:$FB$69,37,FALSE) -> Barcelona | R43: =VLOOKUP($R$2,Form_PrimeiraFase!$C$2:$FB$69,37,FALSE) -> Barcelona | S43: =VLOOKUP($S$2,Form_PrimeiraFase!$C$2:$FB$69,37,FALSE) -> Barcelona | T43: =VLOOKUP($T$2,Form_PrimeiraFase!$C$2:$FB$69,37,FALSE) -> Barcelona | U43: =VLOOKUP($U$2,Form_PrimeiraFase!$C$2:$FB$69,37,FALSE) -> Barcelona | V43: =VLOOKUP($V$2,Form_PrimeiraFase!$C$2:$FB$69,37,FALSE) -> Barcelona | W43: =VLOOKUP($W$2,Form_PrimeiraFase!$C$2:$FB$69,37,FALSE) -> Barcelona | X43: =COUNTIF($C43:$W43,J43) -> 20 | Y43: =COUNTIF($C43:$W43,K43) -> 20 | Z43: =COUNTIF($C43:$W43,R43) -> 20 | AA43: =COUNTIF($C43:$W43,D43) -> 20 | AB43: =COUNTIF($C43:$W43,N43) -> 20 | AC43: =COUNTIF($C43:$W43,O43) -> 1 | AD43: =COUNTIF($C43:$W43,G43) -> 20 | AE43: =COUNTIF($C43:$W43,F43) -> 20 | AF43: =COUNTIF($C43:$W43,E43) -> 20 | AG43: =COUNTIF($C43:$W43,S43) -> 20 | AH43: =COUNTIF($C43:$W43,C43) -> 20 | AI43: =COUNTIF($C43:$W43,P43) -> 20 | AJ43: =COUNTIF($C43:$W43,M43) -> 20 | AK43: =COUNTIF($C43:$W43,I43) -> 20 | AL43: =COUNTIF($C43:$W43,Q43) -> 20 | AM43: =COUNTIF($C43:$W43,L43) -> 20 | AN43: =COUNTIF($C43:$W43,H43) -> 20 | AO43: =COUNTIF($C43:$W43,T43) -> 20 | AP43: =COUNTIF($C43:$W43,U43) -> 20 | AQ43: =COUNTIF($C43:$W43,V43) -> 20 | AR43: =COUNTIF($C43:$W43,W43) -> 20
A44: Machtday 3 | B44: Barcelona | C44: =VLOOKUP($C$2,Form_PrimeiraFase!$C$2:$FB$69,38,FALSE) -> Barcelona | D44: =VLOOKUP($D$2,Form_PrimeiraFase!$C$2:$FB$69,38,FALSE) -> Barcelona | E44: =VLOOKUP($E$2,Form_PrimeiraFase!$C$2:$FB$69,38,FALSE) -> Barcelona | F44: =VLOOKUP($F$2,Form_PrimeiraFase!$C$2:$FB$69,38,FALSE) -> Barcelona | G44: =VLOOKUP($G$2,Form_PrimeiraFase!$C$2:$FB$69,38,FALSE) -> Barcelona | H44: =VLOOKUP($H$2,Form_PrimeiraFase!$C$2:$FB$69,38,FALSE) -> Barcelona | I44: =VLOOKUP($I$2,Form_PrimeiraFase!$C$2:$FB$69,38,FALSE) -> Barcelona | J44: =VLOOKUP($J$2,Form_PrimeiraFase!$C$2:$FB$69,38,FALSE) -> Barcelona | K44: =VLOOKUP($K$2,Form_PrimeiraFase!$C$2:$FB$69,38,FALSE) -> Barcelona | L44: =VLOOKUP($L$2,Form_PrimeiraFase!$C$2:$FB$69,38,FALSE) -> Barcelona | M44: =VLOOKUP($M$2,Form_PrimeiraFase!$C$2:$FB$69,38,FALSE) -> Barcelona | N44: =VLOOKUP($N$2,Form_PrimeiraFase!$C$2:$FB$69,38,FALSE) -> Barcelona | O44: =VLOOKUP($O$2,Form_PrimeiraFase!$C$2:$FB$69,38,FALSE) -> Barcelona | P44: =VLOOKUP($P$2,Form_PrimeiraFase!$C$2:$FB$69,38,FALSE) -> Barcelona | Q44: =VLOOKUP($Q$2,Form_PrimeiraFase!$C$2:$FB$69,38,FALSE) -> Barcelona | R44: =VLOOKUP($R$2,Form_PrimeiraFase!$C$2:$FB$69,38,FALSE) -> Barcelona | S44: =VLOOKUP($S$2,Form_PrimeiraFase!$C$2:$FB$69,38,FALSE) -> Barcelona | T44: =VLOOKUP($T$2,Form_PrimeiraFase!$C$2:$FB$69,38,FALSE) -> Barcelona | U44: =VLOOKUP($U$2,Form_PrimeiraFase!$C$2:$FB$69,38,FALSE) -> Barcelona | V44: =VLOOKUP($V$2,Form_PrimeiraFase!$C$2:$FB$69,38,FALSE) -> Barcelona | W44: =VLOOKUP($W$2,Form_PrimeiraFase!$C$2:$FB$69,38,FALSE) -> Barcelona | X44: =COUNTIF($C44:$W44,J44) -> 21 | Y44: =COUNTIF($C44:$W44,K44) -> 21 | Z44: =COUNTIF($C44:$W44,R44) -> 21 | AA44: =COUNTIF($C44:$W44,D44) -> 21 | AB44: =COUNTIF($C44:$W44,N44) -> 21 | AC44: =COUNTIF($C44:$W44,O44) -> 21 | AD44: =COUNTIF($C44:$W44,G44) -> 21 | AE44: =COUNTIF($C44:$W44,F44) -> 21 | AF44: =COUNTIF($C44:$W44,E44) -> 21 | AG44: =COUNTIF($C44:$W44,S44) -> 21 | AH44: =COUNTIF($C44:$W44,C44) -> 21 | AI44: =COUNTIF($C44:$W44,P44) -> 21 | AJ44: =COUNTIF($C44:$W44,M44) -> 21 | AK44: =COUNTIF($C44:$W44,I44) -> 21 | AL44: =COUNTIF($C44:$W44,Q44) -> 21 | AM44: =COUNTIF($C44:$W44,L44) -> 21 | AN44: =COUNTIF($C44:$W44,H44) -> 21 | AO44: =COUNTIF($C44:$W44,T44) -> 21 | AP44: =COUNTIF($C44:$W44,U44) -> 21 | AQ44: =COUNTIF($C44:$W44,V44) -> 21 | AR44: =COUNTIF($C44:$W44,W44) -> 21
A45: Machtday 3 | B45: Empate | C45: =VLOOKUP($C$2,Form_PrimeiraFase!$C$2:$FB$69,39,FALSE) -> Pafos | D45: =VLOOKUP($D$2,Form_PrimeiraFase!$C$2:$FB$69,39,FALSE) -> Pafos | E45: =VLOOKUP($E$2,Form_PrimeiraFase!$C$2:$FB$69,39,FALSE) -> Kairat | F45: =VLOOKUP($F$2,Form_PrimeiraFase!$C$2:$FB$69,39,FALSE) -> Kairat | G45: =VLOOKUP($G$2,Form_PrimeiraFase!$C$2:$FB$69,39,FALSE) -> Empate | H45: =VLOOKUP($H$2,Form_PrimeiraFase!$C$2:$FB$69,39,FALSE) -> Kairat | I45: =VLOOKUP($I$2,Form_PrimeiraFase!$C$2:$FB$69,39,FALSE) -> Empate | J45: =VLOOKUP($J$2,Form_PrimeiraFase!$C$2:$FB$69,39,FALSE) -> Kairat | K45: =VLOOKUP($K$2,Form_PrimeiraFase!$C$2:$FB$69,39,FALSE) -> Pafos | L45: =VLOOKUP($L$2,Form_PrimeiraFase!$C$2:$FB$69,39,FALSE) -> Empate | M45: =VLOOKUP($M$2,Form_PrimeiraFase!$C$2:$FB$69,39,FALSE) -> Empate | N45: =VLOOKUP($N$2,Form_PrimeiraFase!$C$2:$FB$69,39,FALSE) -> Kairat | O45: =VLOOKUP($O$2,Form_PrimeiraFase!$C$2:$FB$69,39,FALSE) -> Pafos | P45: =VLOOKUP($P$2,Form_PrimeiraFase!$C$2:$FB$69,39,FALSE) -> Empate | Q45: =VLOOKUP($Q$2,Form_PrimeiraFase!$C$2:$FB$69,39,FALSE) -> Kairat | R45: =VLOOKUP($R$2,Form_PrimeiraFase!$C$2:$FB$69,39,FALSE) -> Kairat | S45: =VLOOKUP($S$2,Form_PrimeiraFase!$C$2:$FB$69,39,FALSE) -> Pafos | T45: =VLOOKUP($T$2,Form_PrimeiraFase!$C$2:$FB$69,39,FALSE) -> Kairat | U45: =VLOOKUP($U$2,Form_PrimeiraFase!$C$2:$FB$69,39,FALSE) -> Empate | V45: =VLOOKUP($V$2,Form_PrimeiraFase!$C$2:$FB$69,39,FALSE) -> Pafos | W45: =VLOOKUP($W$2,Form_PrimeiraFase!$C$2:$FB$69,39,FALSE) -> Kairat | X45: =COUNTIF($C45:$W45,J45) -> 9 | Y45: =COUNTIF($C45:$W45,K45) -> 6 | Z45: =COUNTIF($C45:$W45,R45) -> 9 | AA45: =COUNTIF($C45:$W45,D45) -> 6 | AB45: =COUNTIF($C45:$W45,N45) -> 9 | AC45: =COUNTIF($C45:$W45,O45) -> 6 | AD45: =COUNTIF($C45:$W45,G45) -> 6 | AE45: =COUNTIF($C45:$W45,F45) -> 9 | AF45: =COUNTIF($C45:$W45,E45) -> 9 | AG45: =COUNTIF($C45:$W45,S45) -> 6 | AH45: =COUNTIF($C45:$W45,C45) -> 6 | AI45: =COUNTIF($C45:$W45,P45) -> 6 | AJ45: =COUNTIF($C45:$W45,M45) -> 6 | AK45: =COUNTIF($C45:$W45,I45) -> 6 | AL45: =COUNTIF($C45:$W45,Q45) -> 9 | AM45: =COUNTIF($C45:$W45,L45) -> 6 | AN45: =COUNTIF($C45:$W45,H45) -> 9 | AO45: =COUNTIF($C45:$W45,T45) -> 9 | AP45: =COUNTIF($C45:$W45,U45) -> 6 | AQ45: =COUNTIF($C45:$W45,V45) -> 6 | AR45: =COUNTIF($C45:$W45,W45) -> 9
A46: Machtday 3 | B46: Arsenal | C46: =VLOOKUP($C$2,Form_PrimeiraFase!$C$2:$FB$69,40,FALSE) -> Arsenal | D46: =VLOOKUP($D$2,Form_PrimeiraFase!$C$2:$FB$69,40,FALSE) -> Arsenal | E46: =VLOOKUP($E$2,Form_PrimeiraFase!$C$2:$FB$69,40,FALSE) -> Arsenal | F46: =VLOOKUP($F$2,Form_PrimeiraFase!$C$2:$FB$69,40,FALSE) -> Arsenal | G46: =VLOOKUP($G$2,Form_PrimeiraFase!$C$2:$FB$69,40,FALSE) -> Arsenal | H46: =VLOOKUP($H$2,Form_PrimeiraFase!$C$2:$FB$69,40,FALSE) -> Arsenal | I46: =VLOOKUP($I$2,Form_PrimeiraFase!$C$2:$FB$69,40,FALSE) -> Arsenal | J46: =VLOOKUP($J$2,Form_PrimeiraFase!$C$2:$FB$69,40,FALSE) -> Arsenal | K46: =VLOOKUP($K$2,Form_PrimeiraFase!$C$2:$FB$69,40,FALSE) -> Atlético de Madrid | L46: =VLOOKUP($L$2,Form_PrimeiraFase!$C$2:$FB$69,40,FALSE) -> Empate | M46: =VLOOKUP($M$2,Form_PrimeiraFase!$C$2:$FB$69,40,FALSE) -> Arsenal | N46: =VLOOKUP($N$2,Form_PrimeiraFase!$C$2:$FB$69,40,FALSE) -> Arsenal | O46: =VLOOKUP($O$2,Form_PrimeiraFase!$C$2:$FB$69,40,FALSE) -> Arsenal | P46: =VLOOKUP($P$2,Form_PrimeiraFase!$C$2:$FB$69,40,FALSE) -> Arsenal | Q46: =VLOOKUP($Q$2,Form_PrimeiraFase!$C$2:$FB$69,40,FALSE) -> Arsenal | R46: =VLOOKUP($R$2,Form_PrimeiraFase!$C$2:$FB$69,40,FALSE) -> Arsenal | S46: =VLOOKUP($S$2,Form_PrimeiraFase!$C$2:$FB$69,40,FALSE) -> Arsenal | T46: =VLOOKUP($T$2,Form_PrimeiraFase!$C$2:$FB$69,40,FALSE) -> Arsenal | U46: =VLOOKUP($U$2,Form_PrimeiraFase!$C$2:$FB$69,40,FALSE) -> Arsenal | V46: =VLOOKUP($V$2,Form_PrimeiraFase!$C$2:$FB$69,40,FALSE) -> Atlético de Madrid | W46: =VLOOKUP($W$2,Form_PrimeiraFase!$C$2:$FB$69,40,FALSE) -> Empate | X46: =COUNTIF($C46:$W46,J46) -> 17 | Y46: =COUNTIF($C46:$W46,K46) -> 2 | Z46: =COUNTIF($C46:$W46,R46) -> 17 | AA46: =COUNTIF($C46:$W46,D46) -> 17 | AB46: =COUNTIF($C46:$W46,N46) -> 17 | AC46: =COUNTIF($C46:$W46,O46) -> 17 | AD46: =COUNTIF($C46:$W46,G46) -> 17 | AE46: =COUNTIF($C46:$W46,F46) -> 17 | AF46: =COUNTIF($C46:$W46,E46) -> 17 | AG46: =COUNTIF($C46:$W46,S46) -> 17 | AH46: =COUNTIF($C46:$W46,C46) -> 17 | AI46: =COUNTIF($C46:$W46,P46) -> 17 | AJ46: =COUNTIF($C46:$W46,M46) -> 17 | AK46: =COUNTIF($C46:$W46,I46) -> 17 | AL46: =COUNTIF($C46:$W46,Q46) -> 17 | AM46: =COUNTIF($C46:$W46,L46) -> 2 | AN46: =COUNTIF($C46:$W46,H46) -> 17 | AO46: =COUNTIF($C46:$W46,T46) -> 17 | AP46: =COUNTIF($C46:$W46,U46) -> 17 | AQ46: =COUNTIF($C46:$W46,V46) -> 2 | AR46: =COUNTIF($C46:$W46,W46) -> 2
A47: Machtday 3 | B47: Paris Saint-Germain | C47: =VLOOKUP($C$2,Form_PrimeiraFase!$C$2:$FB$69,41,FALSE) -> Paris Saint-Germain | D47: =VLOOKUP($D$2,Form_PrimeiraFase!$C$2:$FB$69,41,FALSE) -> Paris Saint-Germain | E47: =VLOOKUP($E$2,Form_PrimeiraFase!$C$2:$FB$69,41,FALSE) -> Paris Saint-Germain | F47: =VLOOKUP($F$2,Form_PrimeiraFase!$C$2:$FB$69,41,FALSE) -> Paris Saint-Germain | G47: =VLOOKUP($G$2,Form_PrimeiraFase!$C$2:$FB$69,41,FALSE) -> Paris Saint-Germain | H47: =VLOOKUP($H$2,Form_PrimeiraFase!$C$2:$FB$69,41,FALSE) -> Bayer Leverkusen | I47: =VLOOKUP($I$2,Form_PrimeiraFase!$C$2:$FB$69,41,FALSE) -> Paris Saint-Germain | J47: =VLOOKUP($J$2,Form_PrimeiraFase!$C$2:$FB$69,41,FALSE) -> Paris Saint-Germain | K47: =VLOOKUP($K$2,Form_PrimeiraFase!$C$2:$FB$69,41,FALSE) -> Paris Saint-Germain | L47: =VLOOKUP($L$2,Form_PrimeiraFase!$C$2:$FB$69,41,FALSE) -> Empate | M47: =VLOOKUP($M$2,Form_PrimeiraFase!$C$2:$FB$69,41,FALSE) -> Paris Saint-Germain | N47: =VLOOKUP($N$2,Form_PrimeiraFase!$C$2:$FB$69,41,FALSE) -> Paris Saint-Germain | O47: =VLOOKUP($O$2,Form_PrimeiraFase!$C$2:$FB$69,41,FALSE) -> Paris Saint-Germain | P47: =VLOOKUP($P$2,Form_PrimeiraFase!$C$2:$FB$69,41,FALSE) -> Paris Saint-Germain | Q47: =VLOOKUP($Q$2,Form_PrimeiraFase!$C$2:$FB$69,41,FALSE) -> Paris Saint-Germain | R47: =VLOOKUP($R$2,Form_PrimeiraFase!$C$2:$FB$69,41,FALSE) -> Empate | S47: =VLOOKUP($S$2,Form_PrimeiraFase!$C$2:$FB$69,41,FALSE) -> Paris Saint-Germain | T47: =VLOOKUP($T$2,Form_PrimeiraFase!$C$2:$FB$69,41,FALSE) -> Bayer Leverkusen | U47: =VLOOKUP($U$2,Form_PrimeiraFase!$C$2:$FB$69,41,FALSE) -> Paris Saint-Germain | V47: =VLOOKUP($V$2,Form_PrimeiraFase!$C$2:$FB$69,41,FALSE) -> Paris Saint-Germain | W47: =VLOOKUP($W$2,Form_PrimeiraFase!$C$2:$FB$69,41,FALSE) -> Paris Saint-Germain | X47: =COUNTIF($C47:$W47,J47) -> 17 | Y47: =COUNTIF($C47:$W47,K47) -> 17 | Z47: =COUNTIF($C47:$W47,R47) -> 2 | AA47: =COUNTIF($C47:$W47,D47) -> 17 | AB47: =COUNTIF($C47:$W47,N47) -> 17 | AC47: =COUNTIF($C47:$W47,O47) -> 17 | AD47: =COUNTIF($C47:$W47,G47) -> 17 | AE47: =COUNTIF($C47:$W47,F47) -> 17 | AF47: =COUNTIF($C47:$W47,E47) -> 17 | AG47: =COUNTIF($C47:$W47,S47) -> 17 | AH47: =COUNTIF($C47:$W47,C47) -> 17 | AI47: =COUNTIF($C47:$W47,P47) -> 17 | AJ47: =COUNTIF($C47:$W47,M47) -> 17 | AK47: =COUNTIF($C47:$W47,I47) -> 17 | AL47: =COUNTIF($C47:$W47,Q47) -> 17 | AM47: =COUNTIF($C47:$W47,L47) -> 2 | AN47: =COUNTIF($C47:$W47,H47) -> 2 | AO47: =COUNTIF($C47:$W47,T47) -> 2 | AP47: =COUNTIF($C47:$W47,U47) -> 17 | AQ47: =COUNTIF($C47:$W47,V47) -> 17 | AR47: =COUNTIF($C47:$W47,W47) -> 17
A48: Machtday 3 | B48: Manchester City | C48: =VLOOKUP($C$2,Form_PrimeiraFase!$C$2:$FB$69,42,FALSE) -> Manchester City | D48: =VLOOKUP($D$2,Form_PrimeiraFase!$C$2:$FB$69,42,FALSE) -> Manchester City | E48: =VLOOKUP($E$2,Form_PrimeiraFase!$C$2:$FB$69,42,FALSE) -> Manchester City | F48: =VLOOKUP($F$2,Form_PrimeiraFase!$C$2:$FB$69,42,FALSE) -> Manchester City | G48: =VLOOKUP($G$2,Form_PrimeiraFase!$C$2:$FB$69,42,FALSE) -> Manchester City | H48: =VLOOKUP($H$2,Form_PrimeiraFase!$C$2:$FB$69,42,FALSE) -> Villarreal | I48: =VLOOKUP($I$2,Form_PrimeiraFase!$C$2:$FB$69,42,FALSE) -> Manchester City | J48: =VLOOKUP($J$2,Form_PrimeiraFase!$C$2:$FB$69,42,FALSE) -> Empate | K48: =VLOOKUP($K$2,Form_PrimeiraFase!$C$2:$FB$69,42,FALSE) -> Manchester City | L48: =VLOOKUP($L$2,Form_PrimeiraFase!$C$2:$FB$69,42,FALSE) -> Manchester City | M48: =VLOOKUP($M$2,Form_PrimeiraFase!$C$2:$FB$69,42,FALSE) -> Manchester City | N48: =VLOOKUP($N$2,Form_PrimeiraFase!$C$2:$FB$69,42,FALSE) -> Manchester City | O48: =VLOOKUP($O$2,Form_PrimeiraFase!$C$2:$FB$69,42,FALSE) -> Manchester City | P48: =VLOOKUP($P$2,Form_PrimeiraFase!$C$2:$FB$69,42,FALSE) -> Manchester City | Q48: =VLOOKUP($Q$2,Form_PrimeiraFase!$C$2:$FB$69,42,FALSE) -> Empate | R48: =VLOOKUP($R$2,Form_PrimeiraFase!$C$2:$FB$69,42,FALSE) -> Empate | S48: =VLOOKUP($S$2,Form_PrimeiraFase!$C$2:$FB$69,42,FALSE) -> Manchester City | T48: =VLOOKUP($T$2,Form_PrimeiraFase!$C$2:$FB$69,42,FALSE) -> Villarreal | U48: =VLOOKUP($U$2,Form_PrimeiraFase!$C$2:$FB$69,42,FALSE) -> Manchester City | V48: =VLOOKUP($V$2,Form_PrimeiraFase!$C$2:$FB$69,42,FALSE) -> Manchester City | W48: =VLOOKUP($W$2,Form_PrimeiraFase!$C$2:$FB$69,42,FALSE) -> Manchester City | X48: =COUNTIF($C48:$W48,J48) -> 3 | Y48: =COUNTIF($C48:$W48,K48) -> 16 | Z48: =COUNTIF($C48:$W48,R48) -> 3 | AA48: =COUNTIF($C48:$W48,D48) -> 16 | AB48: =COUNTIF($C48:$W48,N48) -> 16 | AC48: =COUNTIF($C48:$W48,O48) -> 16 | AD48: =COUNTIF($C48:$W48,G48) -> 16 | AE48: =COUNTIF($C48:$W48,F48) -> 16 | AF48: =COUNTIF($C48:$W48,E48) -> 16 | AG48: =COUNTIF($C48:$W48,S48) -> 16 | AH48: =COUNTIF($C48:$W48,C48) -> 16 | AI48: =COUNTIF($C48:$W48,P48) -> 16 | AJ48: =COUNTIF($C48:$W48,M48) -> 16 | AK48: =COUNTIF($C48:$W48,I48) -> 16 | AL48: =COUNTIF($C48:$W48,Q48) -> 3 | AM48: =COUNTIF($C48:$W48,L48) -> 16 | AN48: =COUNTIF($C48:$W48,H48) -> 2 | AO48: =COUNTIF($C48:$W48,T48) -> 2 | AP48: =COUNTIF($C48:$W48,U48) -> 16 | AQ48: =COUNTIF($C48:$W48,V48) -> 16 | AR48: =COUNTIF($C48:$W48,W48) -> 16
A49: Machtday 3 | B49: PSV Eindhoven | C49: =VLOOKUP($C$2,Form_PrimeiraFase!$C$2:$FB$69,43,FALSE) -> Napoli | D49: =VLOOKUP($D$2,Form_PrimeiraFase!$C$2:$FB$69,43,FALSE) -> Napoli | E49: =VLOOKUP($E$2,Form_PrimeiraFase!$C$2:$FB$69,43,FALSE) -> PSV Eindhoven | F49: =VLOOKUP($F$2,Form_PrimeiraFase!$C$2:$FB$69,43,FALSE) -> Empate | G49: =VLOOKUP($G$2,Form_PrimeiraFase!$C$2:$FB$69,43,FALSE) -> Empate | H49: =VLOOKUP($H$2,Form_PrimeiraFase!$C$2:$FB$69,43,FALSE) -> PSV Eindhoven | I49: =VLOOKUP($I$2,Form_PrimeiraFase!$C$2:$FB$69,43,FALSE) -> Napoli | J49: =VLOOKUP($J$2,Form_PrimeiraFase!$C$2:$FB$69,43,FALSE) -> PSV Eindhoven | K49: =VLOOKUP($K$2,Form_PrimeiraFase!$C$2:$FB$69,43,FALSE) -> PSV Eindhoven | L49: =VLOOKUP($L$2,Form_PrimeiraFase!$C$2:$FB$69,43,FALSE) -> Napoli | M49: =VLOOKUP($M$2,Form_PrimeiraFase!$C$2:$FB$69,43,FALSE) -> PSV Eindhoven | N49: =VLOOKUP($N$2,Form_PrimeiraFase!$C$2:$FB$69,43,FALSE) -> Empate | O49: =VLOOKUP($O$2,Form_PrimeiraFase!$C$2:$FB$69,43,FALSE) -> PSV Eindhoven | P49: =VLOOKUP($P$2,Form_PrimeiraFase!$C$2:$FB$69,43,FALSE) -> Napoli | Q49: =VLOOKUP($Q$2,Form_PrimeiraFase!$C$2:$FB$69,43,FALSE) -> PSV Eindhoven | R49: =VLOOKUP($R$2,Form_PrimeiraFase!$C$2:$FB$69,43,FALSE) -> PSV Eindhoven | S49: =VLOOKUP($S$2,Form_PrimeiraFase!$C$2:$FB$69,43,FALSE) -> Napoli | T49: =VLOOKUP($T$2,Form_PrimeiraFase!$C$2:$FB$69,43,FALSE) -> PSV Eindhoven | U49: =VLOOKUP($U$2,Form_PrimeiraFase!$C$2:$FB$69,43,FALSE) -> Napoli | V49: =VLOOKUP($V$2,Form_PrimeiraFase!$C$2:$FB$69,43,FALSE) -> Napoli | W49: =VLOOKUP($W$2,Form_PrimeiraFase!$C$2:$FB$69,43,FALSE) -> Napoli | X49: =COUNTIF($C49:$W49,J49) -> 9 | Y49: =COUNTIF($C49:$W49,K49) -> 9 | Z49: =COUNTIF($C49:$W49,R49) -> 9 | AA49: =COUNTIF($C49:$W49,D49) -> 9 | AB49: =COUNTIF($C49:$W49,N49) -> 3 | AC49: =COUNTIF($C49:$W49,O49) -> 9 | AD49: =COUNTIF($C49:$W49,G49) -> 3 | AE49: =COUNTIF($C49:$W49,F49) -> 3 | AF49: =COUNTIF($C49:$W49,E49) -> 9 | AG49: =COUNTIF($C49:$W49,S49) -> 9 | AH49: =COUNTIF($C49:$W49,C49) -> 9 | AI49: =COUNTIF($C49:$W49,P49) -> 9 | AJ49: =COUNTIF($C49:$W49,M49) -> 9 | AK49: =COUNTIF($C49:$W49,I49) -> 9 | AL49: =COUNTIF($C49:$W49,Q49) -> 9 | AM49: =COUNTIF($C49:$W49,L49) -> 9 | AN49: =COUNTIF($C49:$W49,H49) -> 9 | AO49: =COUNTIF($C49:$W49,T49) -> 9 | AP49: =COUNTIF($C49:$W49,U49) -> 9 | AQ49: =COUNTIF($C49:$W49,V49) -> 9 | AR49: =COUNTIF($C49:$W49,W49) -> 9
A50: Machtday 3 | B50: Borussia Dortmund | C50: =VLOOKUP($C$2,Form_PrimeiraFase!$C$2:$FB$69,44,FALSE) -> Borussia Dortmund | D50: =VLOOKUP($D$2,Form_PrimeiraFase!$C$2:$FB$69,44,FALSE) -> Borussia Dortmund | E50: =VLOOKUP($E$2,Form_PrimeiraFase!$C$2:$FB$69,44,FALSE) -> Borussia Dortmund | F50: =VLOOKUP($F$2,Form_PrimeiraFase!$C$2:$FB$69,44,FALSE) -> Borussia Dortmund | G50: =VLOOKUP($G$2,Form_PrimeiraFase!$C$2:$FB$69,44,FALSE) -> Borussia Dortmund | H50: =VLOOKUP($H$2,Form_PrimeiraFase!$C$2:$FB$69,44,FALSE) -> Borussia Dortmund | I50: =VLOOKUP($I$2,Form_PrimeiraFase!$C$2:$FB$69,44,FALSE) -> Borussia Dortmund | J50: =VLOOKUP($J$2,Form_PrimeiraFase!$C$2:$FB$69,44,FALSE) -> Borussia Dortmund | K50: =VLOOKUP($K$2,Form_PrimeiraFase!$C$2:$FB$69,44,FALSE) -> Borussia Dortmund | L50: =VLOOKUP($L$2,Form_PrimeiraFase!$C$2:$FB$69,44,FALSE) -> Empate | M50: =VLOOKUP($M$2,Form_PrimeiraFase!$C$2:$FB$69,44,FALSE) -> Empate | N50: =VLOOKUP($N$2,Form_PrimeiraFase!$C$2:$FB$69,44,FALSE) -> Borussia Dortmund | O50: =VLOOKUP($O$2,Form_PrimeiraFase!$C$2:$FB$69,44,FALSE) -> Borussia Dortmund | P50: =VLOOKUP($P$2,Form_PrimeiraFase!$C$2:$FB$69,44,FALSE) -> Borussia Dortmund | Q50: =VLOOKUP($Q$2,Form_PrimeiraFase!$C$2:$FB$69,44,FALSE) -> Borussia Dortmund | R50: =VLOOKUP($R$2,Form_PrimeiraFase!$C$2:$FB$69,44,FALSE) -> Borussia Dortmund | S50: =VLOOKUP($S$2,Form_PrimeiraFase!$C$2:$FB$69,44,FALSE) -> Borussia Dortmund | T50: =VLOOKUP($T$2,Form_PrimeiraFase!$C$2:$FB$69,44,FALSE) -> Copenhagen | U50: =VLOOKUP($U$2,Form_PrimeiraFase!$C$2:$FB$69,44,FALSE) -> Borussia Dortmund | V50: =VLOOKUP($V$2,Form_PrimeiraFase!$C$2:$FB$69,44,FALSE) -> Borussia Dortmund | W50: =VLOOKUP($W$2,Form_PrimeiraFase!$C$2:$FB$69,44,FALSE) -> Borussia Dortmund | X50: =COUNTIF($C50:$W50,J50) -> 18 | Y50: =COUNTIF($C50:$W50,K50) -> 18 | Z50: =COUNTIF($C50:$W50,R50) -> 18 | AA50: =COUNTIF($C50:$W50,D50) -> 18 | AB50: =COUNTIF($C50:$W50,N50) -> 18 | AC50: =COUNTIF($C50:$W50,O50) -> 18 | AD50: =COUNTIF($C50:$W50,G50) -> 18 | AE50: =COUNTIF($C50:$W50,F50) -> 18 | AF50: =COUNTIF($C50:$W50,E50) -> 18 | AG50: =COUNTIF($C50:$W50,S50) -> 18 | AH50: =COUNTIF($C50:$W50,C50) -> 18 | AI50: =COUNTIF($C50:$W50,P50) -> 18 | AJ50: =COUNTIF($C50:$W50,M50) -> 2 | AK50: =COUNTIF($C50:$W50,I50) -> 18 | AL50: =COUNTIF($C50:$W50,Q50) -> 18 | AM50: =COUNTIF($C50:$W50,L50) -> 2 | AN50: =COUNTIF($C50:$W50,H50) -> 18 | AO50: =COUNTIF($C50:$W50,T50) -> 1 | AP50: =COUNTIF($C50:$W50,U50) -> 18 | AQ50: =COUNTIF($C50:$W50,V50) -> 18 | AR50: =COUNTIF($C50:$W50,W50) -> 18
A51: Machtday 3 | B51: Internazionale | C51: =VLOOKUP($C$2,Form_PrimeiraFase!$C$2:$FB$69,45,FALSE) -> Internazionale | D51: =VLOOKUP($D$2,Form_PrimeiraFase!$C$2:$FB$69,45,FALSE) -> Internazionale | E51: =VLOOKUP($E$2,Form_PrimeiraFase!$C$2:$FB$69,45,FALSE) -> Internazionale | F51: =VLOOKUP($F$2,Form_PrimeiraFase!$C$2:$FB$69,45,FALSE) -> Internazionale | G51: =VLOOKUP($G$2,Form_PrimeiraFase!$C$2:$FB$69,45,FALSE) -> Internazionale | H51: =VLOOKUP($H$2,Form_PrimeiraFase!$C$2:$FB$69,45,FALSE) -> Internazionale | I51: =VLOOKUP($I$2,Form_PrimeiraFase!$C$2:$FB$69,45,FALSE) -> Internazionale | J51: =VLOOKUP($J$2,Form_PrimeiraFase!$C$2:$FB$69,45,FALSE) -> Internazionale | K51: =VLOOKUP($K$2,Form_PrimeiraFase!$C$2:$FB$69,45,FALSE) -> Union Saint-Gilloise | L51: =VLOOKUP($L$2,Form_PrimeiraFase!$C$2:$FB$69,45,FALSE) -> Internazionale | M51: =VLOOKUP($M$2,Form_PrimeiraFase!$C$2:$FB$69,45,FALSE) -> Internazionale | N51: =VLOOKUP($N$2,Form_PrimeiraFase!$C$2:$FB$69,45,FALSE) -> Internazionale | O51: =VLOOKUP($O$2,Form_PrimeiraFase!$C$2:$FB$69,45,FALSE) -> Internazionale | P51: =VLOOKUP($P$2,Form_PrimeiraFase!$C$2:$FB$69,45,FALSE) -> Internazionale | Q51: =VLOOKUP($Q$2,Form_PrimeiraFase!$C$2:$FB$69,45,FALSE) -> Empate | R51: =VLOOKUP($R$2,Form_PrimeiraFase!$C$2:$FB$69,45,FALSE) -> Internazionale | S51: =VLOOKUP($S$2,Form_PrimeiraFase!$C$2:$FB$69,45,FALSE) -> Internazionale | T51: =VLOOKUP($T$2,Form_PrimeiraFase!$C$2:$FB$69,45,FALSE) -> Union Saint-Gilloise | U51: =VLOOKUP($U$2,Form_PrimeiraFase!$C$2:$FB$69,45,FALSE) -> Internazionale | V51: =VLOOKUP($V$2,Form_PrimeiraFase!$C$2:$FB$69,45,FALSE) -> Internazionale | W51: =VLOOKUP($W$2,Form_PrimeiraFase!$C$2:$FB$69,45,FALSE) -> Internazionale | X51: =COUNTIF($C51:$W51,J51) -> 18 | Y51: =COUNTIF($C51:$W51,K51) -> 2 | Z51: =COUNTIF($C51:$W51,R51) -> 18 | AA51: =COUNTIF($C51:$W51,D51) -> 18 | AB51: =COUNTIF($C51:$W51,N51) -> 18 | AC51: =COUNTIF($C51:$W51,O51) -> 18 | AD51: =COUNTIF($C51:$W51,G51) -> 18 | AE51: =COUNTIF($C51:$W51,F51) -> 18 | AF51: =COUNTIF($C51:$W51,E51) -> 18 | AG51: =COUNTIF($C51:$W51,S51) -> 18 | AH51: =COUNTIF($C51:$W51,C51) -> 18 | AI51: =COUNTIF($C51:$W51,P51) -> 18 | AJ51: =COUNTIF($C51:$W51,M51) -> 18 | AK51: =COUNTIF($C51:$W51,I51) -> 18 | AL51: =COUNTIF($C51:$W51,Q51) -> 1 | AM51: =COUNTIF($C51:$W51,L51) -> 18 | AN51: =COUNTIF($C51:$W51,H51) -> 18 | AO51: =COUNTIF($C51:$W51,T51) -> 2 | AP51: =COUNTIF($C51:$W51,U51) -> 18 | AQ51: =COUNTIF($C51:$W51,V51) -> 18 | AR51: =COUNTIF($C51:$W51,W51) -> 18
A52: Machtday 3 | B52: Newcastle | C52: =VLOOKUP($C$2,Form_PrimeiraFase!$C$2:$FB$69,46,FALSE) -> Newcastle | D52: =VLOOKUP($D$2,Form_PrimeiraFase!$C$2:$FB$69,46,FALSE) -> Newcastle | E52: =VLOOKUP($E$2,Form_PrimeiraFase!$C$2:$FB$69,46,FALSE) -> Benfica | F52: =VLOOKUP($F$2,Form_PrimeiraFase!$C$2:$FB$69,46,FALSE) -> Newcastle | G52: =VLOOKUP($G$2,Form_PrimeiraFase!$C$2:$FB$69,46,FALSE) -> Newcastle | H52: =VLOOKUP($H$2,Form_PrimeiraFase!$C$2:$FB$69,46,FALSE) -> Newcastle | I52: =VLOOKUP($I$2,Form_PrimeiraFase!$C$2:$FB$69,46,FALSE) -> Newcastle | J52: =VLOOKUP($J$2,Form_PrimeiraFase!$C$2:$FB$69,46,FALSE) -> Newcastle | K52: =VLOOKUP($K$2,Form_PrimeiraFase!$C$2:$FB$69,46,FALSE) -> Newcastle | L52: =VLOOKUP($L$2,Form_PrimeiraFase!$C$2:$FB$69,46,FALSE) -> Newcastle | M52: =VLOOKUP($M$2,Form_PrimeiraFase!$C$2:$FB$69,46,FALSE) -> Newcastle | N52: =VLOOKUP($N$2,Form_PrimeiraFase!$C$2:$FB$69,46,FALSE) -> Newcastle | O52: =VLOOKUP($O$2,Form_PrimeiraFase!$C$2:$FB$69,46,FALSE) -> Empate | P52: =VLOOKUP($P$2,Form_PrimeiraFase!$C$2:$FB$69,46,FALSE) -> Empate | Q52: =VLOOKUP($Q$2,Form_PrimeiraFase!$C$2:$FB$69,46,FALSE) -> Newcastle | R52: =VLOOKUP($R$2,Form_PrimeiraFase!$C$2:$FB$69,46,FALSE) -> Newcastle | S52: =VLOOKUP($S$2,Form_PrimeiraFase!$C$2:$FB$69,46,FALSE) -> Empate | T52: =VLOOKUP($T$2,Form_PrimeiraFase!$C$2:$FB$69,46,FALSE) -> Newcastle | U52: =VLOOKUP($U$2,Form_PrimeiraFase!$C$2:$FB$69,46,FALSE) -> Empate | V52: =VLOOKUP($V$2,Form_PrimeiraFase!$C$2:$FB$69,46,FALSE) -> Benfica | W52: =VLOOKUP($W$2,Form_PrimeiraFase!$C$2:$FB$69,46,FALSE) -> Newcastle | X52: =COUNTIF($C52:$W52,J52) -> 15 | Y52: =COUNTIF($C52:$W52,K52) -> 15 | Z52: =COUNTIF($C52:$W52,R52) -> 15 | AA52: =COUNTIF($C52:$W52,D52) -> 15 | AB52: =COUNTIF($C52:$W52,N52) -> 15 | AC52: =COUNTIF($C52:$W52,O52) -> 4 | AD52: =COUNTIF($C52:$W52,G52) -> 15 | AE52: =COUNTIF($C52:$W52,F52) -> 15 | AF52: =COUNTIF($C52:$W52,E52) -> 2 | AG52: =COUNTIF($C52:$W52,S52) -> 4 | AH52: =COUNTIF($C52:$W52,C52) -> 15 | AI52: =COUNTIF($C52:$W52,P52) -> 4 | AJ52: =COUNTIF($C52:$W52,M52) -> 15 | AK52: =COUNTIF($C52:$W52,I52) -> 15 | AL52: =COUNTIF($C52:$W52,Q52) -> 15 | AM52: =COUNTIF($C52:$W52,L52) -> 15 | AN52: =COUNTIF($C52:$W52,H52) -> 15 | AO52: =COUNTIF($C52:$W52,T52) -> 15 | AP52: =COUNTIF($C52:$W52,U52) -> 4 | AQ52: =COUNTIF($C52:$W52,V52) -> 2 | AR52: =COUNTIF($C52:$W52,W52) -> 15
A53: Machtday 3 | B53: Galatasaray | C53: =VLOOKUP($C$2,Form_PrimeiraFase!$C$2:$FB$69,47,FALSE) -> Galatasaray | D53: =VLOOKUP($D$2,Form_PrimeiraFase!$C$2:$FB$69,47,FALSE) -> Galatasaray | E53: =VLOOKUP($E$2,Form_PrimeiraFase!$C$2:$FB$69,47,FALSE) -> Galatasaray | F53: =VLOOKUP($F$2,Form_PrimeiraFase!$C$2:$FB$69,47,FALSE) -> Galatasaray | G53: =VLOOKUP($G$2,Form_PrimeiraFase!$C$2:$FB$69,47,FALSE) -> Galatasaray | H53: =VLOOKUP($H$2,Form_PrimeiraFase!$C$2:$FB$69,47,FALSE) -> Galatasaray | I53: =VLOOKUP($I$2,Form_PrimeiraFase!$C$2:$FB$69,47,FALSE) -> Galatasaray | J53: =VLOOKUP($J$2,Form_PrimeiraFase!$C$2:$FB$69,47,FALSE) -> Galatasaray | K53: =VLOOKUP($K$2,Form_PrimeiraFase!$C$2:$FB$69,47,FALSE) -> Galatasaray | L53: =VLOOKUP($L$2,Form_PrimeiraFase!$C$2:$FB$69,47,FALSE) -> Galatasaray | M53: =VLOOKUP($M$2,Form_PrimeiraFase!$C$2:$FB$69,47,FALSE) -> Galatasaray | N53: =VLOOKUP($N$2,Form_PrimeiraFase!$C$2:$FB$69,47,FALSE) -> Galatasaray | O53: =VLOOKUP($O$2,Form_PrimeiraFase!$C$2:$FB$69,47,FALSE) -> Galatasaray | P53: =VLOOKUP($P$2,Form_PrimeiraFase!$C$2:$FB$69,47,FALSE) -> Galatasaray | Q53: =VLOOKUP($Q$2,Form_PrimeiraFase!$C$2:$FB$69,47,FALSE) -> Galatasaray | R53: =VLOOKUP($R$2,Form_PrimeiraFase!$C$2:$FB$69,47,FALSE) -> Galatasaray | S53: =VLOOKUP($S$2,Form_PrimeiraFase!$C$2:$FB$69,47,FALSE) -> Galatasaray | T53: =VLOOKUP($T$2,Form_PrimeiraFase!$C$2:$FB$69,47,FALSE) -> Galatasaray | U53: =VLOOKUP($U$2,Form_PrimeiraFase!$C$2:$FB$69,47,FALSE) -> Empate | V53: =VLOOKUP($V$2,Form_PrimeiraFase!$C$2:$FB$69,47,FALSE) -> Empate | W53: =VLOOKUP($W$2,Form_PrimeiraFase!$C$2:$FB$69,47,FALSE) -> Galatasaray | X53: =COUNTIF($C53:$W53,J53) -> 19 | Y53: =COUNTIF($C53:$W53,K53) -> 19 | Z53: =COUNTIF($C53:$W53,R53) -> 19 | AA53: =COUNTIF($C53:$W53,D53) -> 19 | AB53: =COUNTIF($C53:$W53,N53) -> 19 | AC53: =COUNTIF($C53:$W53,O53) -> 19 | AD53: =COUNTIF($C53:$W53,G53) -> 19 | AE53: =COUNTIF($C53:$W53,F53) -> 19 | AF53: =COUNTIF($C53:$W53,E53) -> 19 | AG53: =COUNTIF($C53:$W53,S53) -> 19 | AH53: =COUNTIF($C53:$W53,C53) -> 19 | AI53: =COUNTIF($C53:$W53,P53) -> 19 | AJ53: =COUNTIF($C53:$W53,M53) -> 19 | AK53: =COUNTIF($C53:$W53,I53) -> 19 | AL53: =COUNTIF($C53:$W53,Q53) -> 19 | AM53: =COUNTIF($C53:$W53,L53) -> 19 | AN53: =COUNTIF($C53:$W53,H53) -> 19 | AO53: =COUNTIF($C53:$W53,T53) -> 19 | AP53: =COUNTIF($C53:$W53,U53) -> 2 | AQ53: =COUNTIF($C53:$W53,V53) -> 2 | AR53: =COUNTIF($C53:$W53,W53) -> 19
A54: Machtday 3 | B54: Athletic Bilbao | C54: =VLOOKUP($C$2,Form_PrimeiraFase!$C$2:$FB$69,48,FALSE) -> Athletic Bilbao | D54: =VLOOKUP($D$2,Form_PrimeiraFase!$C$2:$FB$69,48,FALSE) -> Athletic Bilbao | E54: =VLOOKUP($E$2,Form_PrimeiraFase!$C$2:$FB$69,48,FALSE) -> Athletic Bilbao | F54: =VLOOKUP($F$2,Form_PrimeiraFase!$C$2:$FB$69,48,FALSE) -> Athletic Bilbao | G54: =VLOOKUP($G$2,Form_PrimeiraFase!$C$2:$FB$69,48,FALSE) -> Athletic Bilbao | H54: =VLOOKUP($H$2,Form_PrimeiraFase!$C$2:$FB$69,48,FALSE) -> Athletic Bilbao | I54: =VLOOKUP($I$2,Form_PrimeiraFase!$C$2:$FB$69,48,FALSE) -> Athletic Bilbao | J54: =VLOOKUP($J$2,Form_PrimeiraFase!$C$2:$FB$69,48,FALSE) -> Athletic Bilbao | K54: =VLOOKUP($K$2,Form_PrimeiraFase!$C$2:$FB$69,48,FALSE) -> Athletic Bilbao | L54: =VLOOKUP($L$2,Form_PrimeiraFase!$C$2:$FB$69,48,FALSE) -> Athletic Bilbao | M54: =VLOOKUP($M$2,Form_PrimeiraFase!$C$2:$FB$69,48,FALSE) -> Athletic Bilbao | N54: =VLOOKUP($N$2,Form_PrimeiraFase!$C$2:$FB$69,48,FALSE) -> Athletic Bilbao | O54: =VLOOKUP($O$2,Form_PrimeiraFase!$C$2:$FB$69,48,FALSE) -> Athletic Bilbao | P54: =VLOOKUP($P$2,Form_PrimeiraFase!$C$2:$FB$69,48,FALSE) -> Athletic Bilbao | Q54: =VLOOKUP($Q$2,Form_PrimeiraFase!$C$2:$FB$69,48,FALSE) -> Athletic Bilbao | R54: =VLOOKUP($R$2,Form_PrimeiraFase!$C$2:$FB$69,48,FALSE) -> Athletic Bilbao | S54: =VLOOKUP($S$2,Form_PrimeiraFase!$C$2:$FB$69,48,FALSE) -> Athletic Bilbao | T54: =VLOOKUP($T$2,Form_PrimeiraFase!$C$2:$FB$69,48,FALSE) -> Athletic Bilbao | U54: =VLOOKUP($U$2,Form_PrimeiraFase!$C$2:$FB$69,48,FALSE) -> Athletic Bilbao | V54: =VLOOKUP($V$2,Form_PrimeiraFase!$C$2:$FB$69,48,FALSE) -> Athletic Bilbao | W54: =VLOOKUP($W$2,Form_PrimeiraFase!$C$2:$FB$69,48,FALSE) -> Athletic Bilbao | X54: =COUNTIF($C54:$W54,J54) -> 21 | Y54: =COUNTIF($C54:$W54,K54) -> 21 | Z54: =COUNTIF($C54:$W54,R54) -> 21 | AA54: =COUNTIF($C54:$W54,D54) -> 21 | AB54: =COUNTIF($C54:$W54,N54) -> 21 | AC54: =COUNTIF($C54:$W54,O54) -> 21 | AD54: =COUNTIF($C54:$W54,G54) -> 21 | AE54: =COUNTIF($C54:$W54,F54) -> 21 | AF54: =COUNTIF($C54:$W54,E54) -> 21 | AG54: =COUNTIF($C54:$W54,S54) -> 21 | AH54: =COUNTIF($C54:$W54,C54) -> 21 | AI54: =COUNTIF($C54:$W54,P54) -> 21 | AJ54: =COUNTIF($C54:$W54,M54) -> 21 | AK54: =COUNTIF($C54:$W54,I54) -> 21 | AL54: =COUNTIF($C54:$W54,Q54) -> 21 | AM54: =COUNTIF($C54:$W54,L54) -> 21 | AN54: =COUNTIF($C54:$W54,H54) -> 21 | AO54: =COUNTIF($C54:$W54,T54) -> 21 | AP54: =COUNTIF($C54:$W54,U54) -> 21 | AQ54: =COUNTIF($C54:$W54,V54) -> 21 | AR54: =COUNTIF($C54:$W54,W54) -> 21
A55: Machtday 3 | B55: Chelsea | C55: =VLOOKUP($C$2,Form_PrimeiraFase!$C$2:$FB$69,49,FALSE) -> Chelsea | D55: =VLOOKUP($D$2,Form_PrimeiraFase!$C$2:$FB$69,49,FALSE) -> Chelsea | E55: =VLOOKUP($E$2,Form_PrimeiraFase!$C$2:$FB$69,49,FALSE) -> Chelsea | F55: =VLOOKUP($F$2,Form_PrimeiraFase!$C$2:$FB$69,49,FALSE) -> Chelsea | G55: =VLOOKUP($G$2,Form_PrimeiraFase!$C$2:$FB$69,49,FALSE) -> Chelsea | H55: =VLOOKUP($H$2,Form_PrimeiraFase!$C$2:$FB$69,49,FALSE) -> Chelsea | I55: =VLOOKUP($I$2,Form_PrimeiraFase!$C$2:$FB$69,49,FALSE) -> Chelsea | J55: =VLOOKUP($J$2,Form_PrimeiraFase!$C$2:$FB$69,49,FALSE) -> Chelsea | K55: =VLOOKUP($K$2,Form_PrimeiraFase!$C$2:$FB$69,49,FALSE) -> Chelsea | L55: =VLOOKUP($L$2,Form_PrimeiraFase!$C$2:$FB$69,49,FALSE) -> Chelsea | M55: =VLOOKUP($M$2,Form_PrimeiraFase!$C$2:$FB$69,49,FALSE) -> Chelsea | N55: =VLOOKUP($N$2,Form_PrimeiraFase!$C$2:$FB$69,49,FALSE) -> Chelsea | O55: =VLOOKUP($O$2,Form_PrimeiraFase!$C$2:$FB$69,49,FALSE) -> Chelsea | P55: =VLOOKUP($P$2,Form_PrimeiraFase!$C$2:$FB$69,49,FALSE) -> Chelsea | Q55: =VLOOKUP($Q$2,Form_PrimeiraFase!$C$2:$FB$69,49,FALSE) -> Chelsea | R55: =VLOOKUP($R$2,Form_PrimeiraFase!$C$2:$FB$69,49,FALSE) -> Chelsea | S55: =VLOOKUP($S$2,Form_PrimeiraFase!$C$2:$FB$69,49,FALSE) -> Chelsea | T55: =VLOOKUP($T$2,Form_PrimeiraFase!$C$2:$FB$69,49,FALSE) -> Chelsea | U55: =VLOOKUP($U$2,Form_PrimeiraFase!$C$2:$FB$69,49,FALSE) -> Chelsea | V55: =VLOOKUP($V$2,Form_PrimeiraFase!$C$2:$FB$69,49,FALSE) -> Chelsea | W55: =VLOOKUP($W$2,Form_PrimeiraFase!$C$2:$FB$69,49,FALSE) -> Chelsea | X55: =COUNTIF($C55:$W55,J55) -> 21 | Y55: =COUNTIF($C55:$W55,K55) -> 21 | Z55: =COUNTIF($C55:$W55,R55) -> 21 | AA55: =COUNTIF($C55:$W55,D55) -> 21 | AB55: =COUNTIF($C55:$W55,N55) -> 21 | AC55: =COUNTIF($C55:$W55,O55) -> 21 | AD55: =COUNTIF($C55:$W55,G55) -> 21 | AE55: =COUNTIF($C55:$W55,F55) -> 21 | AF55: =COUNTIF($C55:$W55,E55) -> 21 | AG55: =COUNTIF($C55:$W55,S55) -> 21 | AH55: =COUNTIF($C55:$W55,C55) -> 21 | AI55: =COUNTIF($C55:$W55,P55) -> 21 | AJ55: =COUNTIF($C55:$W55,M55) -> 21 | AK55: =COUNTIF($C55:$W55,I55) -> 21 | AL55: =COUNTIF($C55:$W55,Q55) -> 21 | AM55: =COUNTIF($C55:$W55,L55) -> 21 | AN55: =COUNTIF($C55:$W55,H55) -> 21 | AO55: =COUNTIF($C55:$W55,T55) -> 21 | AP55: =COUNTIF($C55:$W55,U55) -> 21 | AQ55: =COUNTIF($C55:$W55,V55) -> 21 | AR55: =COUNTIF($C55:$W55,W55) -> 21
A56: Machtday 3 | B56: Empate | C56: =VLOOKUP($C$2,Form_PrimeiraFase!$C$2:$FB$69,50,FALSE) -> Atalanta | D56: =VLOOKUP($D$2,Form_PrimeiraFase!$C$2:$FB$69,50,FALSE) -> Atalanta | E56: =VLOOKUP($E$2,Form_PrimeiraFase!$C$2:$FB$69,50,FALSE) -> Atalanta | F56: =VLOOKUP($F$2,Form_PrimeiraFase!$C$2:$FB$69,50,FALSE) -> Atalanta | G56: =VLOOKUP($G$2,Form_PrimeiraFase!$C$2:$FB$69,50,FALSE) -> Atalanta | H56: =VLOOKUP($H$2,Form_PrimeiraFase!$C$2:$FB$69,50,FALSE) -> Atalanta | I56: =VLOOKUP($I$2,Form_PrimeiraFase!$C$2:$FB$69,50,FALSE) -> Atalanta | J56: =VLOOKUP($J$2,Form_PrimeiraFase!$C$2:$FB$69,50,FALSE) -> Atalanta | K56: =VLOOKUP($K$2,Form_PrimeiraFase!$C$2:$FB$69,50,FALSE) -> Atalanta | L56: =VLOOKUP($L$2,Form_PrimeiraFase!$C$2:$FB$69,50,FALSE) -> Atalanta | M56: =VLOOKUP($M$2,Form_PrimeiraFase!$C$2:$FB$69,50,FALSE) -> Atalanta | N56: =VLOOKUP($N$2,Form_PrimeiraFase!$C$2:$FB$69,50,FALSE) -> Atalanta | O56: =VLOOKUP($O$2,Form_PrimeiraFase!$C$2:$FB$69,50,FALSE) -> Empate | P56: =VLOOKUP($P$2,Form_PrimeiraFase!$C$2:$FB$69,50,FALSE) -> Atalanta | Q56: =VLOOKUP($Q$2,Form_PrimeiraFase!$C$2:$FB$69,50,FALSE) -> Atalanta | R56: =VLOOKUP($R$2,Form_PrimeiraFase!$C$2:$FB$69,50,FALSE) -> Atalanta | S56: =VLOOKUP($S$2,Form_PrimeiraFase!$C$2:$FB$69,50,FALSE) -> Atalanta | T56: =VLOOKUP($T$2,Form_PrimeiraFase!$C$2:$FB$69,50,FALSE) -> Atalanta | U56: =VLOOKUP($U$2,Form_PrimeiraFase!$C$2:$FB$69,50,FALSE) -> Atalanta | V56: =VLOOKUP($V$2,Form_PrimeiraFase!$C$2:$FB$69,50,FALSE) -> Slavia Praga | W56: =VLOOKUP($W$2,Form_PrimeiraFase!$C$2:$FB$69,50,FALSE) -> Atalanta | X56: =COUNTIF($C56:$W56,J56) -> 19 | Y56: =COUNTIF($C56:$W56,K56) -> 19 | Z56: =COUNTIF($C56:$W56,R56) -> 19 | AA56: =COUNTIF($C56:$W56,D56) -> 19 | AB56: =COUNTIF($C56:$W56,N56) -> 19 | AC56: =COUNTIF($C56:$W56,O56) -> 1 | AD56: =COUNTIF($C56:$W56,G56) -> 19 | AE56: =COUNTIF($C56:$W56,F56) -> 19 | AF56: =COUNTIF($C56:$W56,E56) -> 19 | AG56: =COUNTIF($C56:$W56,S56) -> 19 | AH56: =COUNTIF($C56:$W56,C56) -> 19 | AI56: =COUNTIF($C56:$W56,P56) -> 19 | AJ56: =COUNTIF($C56:$W56,M56) -> 19 | AK56: =COUNTIF($C56:$W56,I56) -> 19 | AL56: =COUNTIF($C56:$W56,Q56) -> 19 | AM56: =COUNTIF($C56:$W56,L56) -> 19 | AN56: =COUNTIF($C56:$W56,H56) -> 19 | AO56: =COUNTIF($C56:$W56,T56) -> 19 | AP56: =COUNTIF($C56:$W56,U56) -> 19 | AQ56: =COUNTIF($C56:$W56,V56) -> 1 | AR56: =COUNTIF($C56:$W56,W56) -> 19
A57: Machtday 3 | B57: Liverpool | C57: =VLOOKUP($C$2,Form_PrimeiraFase!$C$2:$FB$69,51,FALSE) -> Liverpool | D57: =VLOOKUP($D$2,Form_PrimeiraFase!$C$2:$FB$69,51,FALSE) -> Empate | E57: =VLOOKUP($E$2,Form_PrimeiraFase!$C$2:$FB$69,51,FALSE) -> Liverpool | F57: =VLOOKUP($F$2,Form_PrimeiraFase!$C$2:$FB$69,51,FALSE) -> Liverpool | G57: =VLOOKUP($G$2,Form_PrimeiraFase!$C$2:$FB$69,51,FALSE) -> Liverpool | H57: =VLOOKUP($H$2,Form_PrimeiraFase!$C$2:$FB$69,51,FALSE) -> Liverpool | I57: =VLOOKUP($I$2,Form_PrimeiraFase!$C$2:$FB$69,51,FALSE) -> Liverpool | J57: =VLOOKUP($J$2,Form_PrimeiraFase!$C$2:$FB$69,51,FALSE) -> Liverpool | K57: =VLOOKUP($K$2,Form_PrimeiraFase!$C$2:$FB$69,51,FALSE) -> Liverpool | L57: =VLOOKUP($L$2,Form_PrimeiraFase!$C$2:$FB$69,51,FALSE) -> Empate | M57: =VLOOKUP($M$2,Form_PrimeiraFase!$C$2:$FB$69,51,FALSE) -> Liverpool | N57: =VLOOKUP($N$2,Form_PrimeiraFase!$C$2:$FB$69,51,FALSE) -> Liverpool | O57: =VLOOKUP($O$2,Form_PrimeiraFase!$C$2:$FB$69,51,FALSE) -> Liverpool | P57: =VLOOKUP($P$2,Form_PrimeiraFase!$C$2:$FB$69,51,FALSE) -> Liverpool | Q57: =VLOOKUP($Q$2,Form_PrimeiraFase!$C$2:$FB$69,51,FALSE) -> Empate | R57: =VLOOKUP($R$2,Form_PrimeiraFase!$C$2:$FB$69,51,FALSE) -> Liverpool | S57: =VLOOKUP($S$2,Form_PrimeiraFase!$C$2:$FB$69,51,FALSE) -> Liverpool | T57: =VLOOKUP($T$2,Form_PrimeiraFase!$C$2:$FB$69,51,FALSE) -> Eintracht Frankfurt | U57: =VLOOKUP($U$2,Form_PrimeiraFase!$C$2:$FB$69,51,FALSE) -> Liverpool | V57: =VLOOKUP($V$2,Form_PrimeiraFase!$C$2:$FB$69,51,FALSE) -> Liverpool | W57: =VLOOKUP($W$2,Form_PrimeiraFase!$C$2:$FB$69,51,FALSE) -> Liverpool | X57: =COUNTIF($C57:$W57,J57) -> 17 | Y57: =COUNTIF($C57:$W57,K57) -> 17 | Z57: =COUNTIF($C57:$W57,R57) -> 17 | AA57: =COUNTIF($C57:$W57,D57) -> 3 | AB57: =COUNTIF($C57:$W57,N57) -> 17 | AC57: =COUNTIF($C57:$W57,O57) -> 17 | AD57: =COUNTIF($C57:$W57,G57) -> 17 | AE57: =COUNTIF($C57:$W57,F57) -> 17 | AF57: =COUNTIF($C57:$W57,E57) -> 17 | AG57: =COUNTIF($C57:$W57,S57) -> 17 | AH57: =COUNTIF($C57:$W57,C57) -> 17 | AI57: =COUNTIF($C57:$W57,P57) -> 17 | AJ57: =COUNTIF($C57:$W57,M57) -> 17 | AK57: =COUNTIF($C57:$W57,I57) -> 17 | AL57: =COUNTIF($C57:$W57,Q57) -> 3 | AM57: =COUNTIF($C57:$W57,L57) -> 3 | AN57: =COUNTIF($C57:$W57,H57) -> 17 | AO57: =COUNTIF($C57:$W57,T57) -> 1 | AP57: =COUNTIF($C57:$W57,U57) -> 17 | AQ57: =COUNTIF($C57:$W57,V57) -> 17 | AR57: =COUNTIF($C57:$W57,W57) -> 17
A58: Machtday 3 | B58: Sporting | C58: =VLOOKUP($C$2,Form_PrimeiraFase!$C$2:$FB$69,52,FALSE) -> Empate | D58: =VLOOKUP($D$2,Form_PrimeiraFase!$C$2:$FB$69,52,FALSE) -> Sporting | E58: =VLOOKUP($E$2,Form_PrimeiraFase!$C$2:$FB$69,52,FALSE) -> Sporting | F58: =VLOOKUP($F$2,Form_PrimeiraFase!$C$2:$FB$69,52,FALSE) -> Sporting | G58: =VLOOKUP($G$2,Form_PrimeiraFase!$C$2:$FB$69,52,FALSE) -> Empate | H58: =VLOOKUP($H$2,Form_PrimeiraFase!$C$2:$FB$69,52,FALSE) -> Sporting | I58: =VLOOKUP($I$2,Form_PrimeiraFase!$C$2:$FB$69,52,FALSE) -> Olympique de Marselha | J58: =VLOOKUP($J$2,Form_PrimeiraFase!$C$2:$FB$69,52,FALSE) -> Sporting | K58: =VLOOKUP($K$2,Form_PrimeiraFase!$C$2:$FB$69,52,FALSE) -> Olympique de Marselha | L58: =VLOOKUP($L$2,Form_PrimeiraFase!$C$2:$FB$69,52,FALSE) -> Sporting | M58: =VLOOKUP($M$2,Form_PrimeiraFase!$C$2:$FB$69,52,FALSE) -> Sporting | N58: =VLOOKUP($N$2,Form_PrimeiraFase!$C$2:$FB$69,52,FALSE) -> Sporting | O58: =VLOOKUP($O$2,Form_PrimeiraFase!$C$2:$FB$69,52,FALSE) -> Olympique de Marselha | P58: =VLOOKUP($P$2,Form_PrimeiraFase!$C$2:$FB$69,52,FALSE) -> Empate | Q58: =VLOOKUP($Q$2,Form_PrimeiraFase!$C$2:$FB$69,52,FALSE) -> Sporting | R58: =VLOOKUP($R$2,Form_PrimeiraFase!$C$2:$FB$69,52,FALSE) -> Sporting | S58: =VLOOKUP($S$2,Form_PrimeiraFase!$C$2:$FB$69,52,FALSE) -> Olympique de Marselha | T58: =VLOOKUP($T$2,Form_PrimeiraFase!$C$2:$FB$69,52,FALSE) -> Sporting | U58: =VLOOKUP($U$2,Form_PrimeiraFase!$C$2:$FB$69,52,FALSE) -> Sporting | V58: =VLOOKUP($V$2,Form_PrimeiraFase!$C$2:$FB$69,52,FALSE) -> Sporting | W58: =VLOOKUP($W$2,Form_PrimeiraFase!$C$2:$FB$69,52,FALSE) -> Empate | X58: =COUNTIF($C58:$W58,J58) -> 13 | Y58: =COUNTIF($C58:$W58,K58) -> 4 | Z58: =COUNTIF($C58:$W58,R58) -> 13 | AA58: =COUNTIF($C58:$W58,D58) -> 13 | AB58: =COUNTIF($C58:$W58,N58) -> 13 | AC58: =COUNTIF($C58:$W58,O58) -> 4 | AD58: =COUNTIF($C58:$W58,G58) -> 4 | AE58: =COUNTIF($C58:$W58,F58) -> 13 | AF58: =COUNTIF($C58:$W58,E58) -> 13 | AG58: =COUNTIF($C58:$W58,S58) -> 4 | AH58: =COUNTIF($C58:$W58,C58) -> 4 | AI58: =COUNTIF($C58:$W58,P58) -> 4 | AJ58: =COUNTIF($C58:$W58,M58) -> 13 | AK58: =COUNTIF($C58:$W58,I58) -> 4 | AL58: =COUNTIF($C58:$W58,Q58) -> 13 | AM58: =COUNTIF($C58:$W58,L58) -> 13 | AN58: =COUNTIF($C58:$W58,H58) -> 13 | AO58: =COUNTIF($C58:$W58,T58) -> 13 | AP58: =COUNTIF($C58:$W58,U58) -> 13 | AQ58: =COUNTIF($C58:$W58,V58) -> 13 | AR58: =COUNTIF($C58:$W58,W58) -> 4
A59: Machtday 3 | B59: Empate | C59: =VLOOKUP($C$2,Form_PrimeiraFase!$C$2:$FB$69,53,FALSE) -> Monaco | D59: =VLOOKUP($D$2,Form_PrimeiraFase!$C$2:$FB$69,53,FALSE) -> Tottenham | E59: =VLOOKUP($E$2,Form_PrimeiraFase!$C$2:$FB$69,53,FALSE) -> Tottenham | F59: =VLOOKUP($F$2,Form_PrimeiraFase!$C$2:$FB$69,53,FALSE) -> Tottenham | G59: =VLOOKUP($G$2,Form_PrimeiraFase!$C$2:$FB$69,53,FALSE) -> Tottenham | H59: =VLOOKUP($H$2,Form_PrimeiraFase!$C$2:$FB$69,53,FALSE) -> Tottenham | I59: =VLOOKUP($I$2,Form_PrimeiraFase!$C$2:$FB$69,53,FALSE) -> Tottenham | J59: =VLOOKUP($J$2,Form_PrimeiraFase!$C$2:$FB$69,53,FALSE) -> Monaco | K59: =VLOOKUP($K$2,Form_PrimeiraFase!$C$2:$FB$69,53,FALSE) -> Tottenham | L59: =VLOOKUP($L$2,Form_PrimeiraFase!$C$2:$FB$69,53,FALSE) -> Empate | M59: =VLOOKUP($M$2,Form_PrimeiraFase!$C$2:$FB$69,53,FALSE) -> Monaco | N59: =VLOOKUP($N$2,Form_PrimeiraFase!$C$2:$FB$69,53,FALSE) -> Tottenham | O59: =VLOOKUP($O$2,Form_PrimeiraFase!$C$2:$FB$69,53,FALSE) -> Empate | P59: =VLOOKUP($P$2,Form_PrimeiraFase!$C$2:$FB$69,53,FALSE) -> Tottenham | Q59: =VLOOKUP($Q$2,Form_PrimeiraFase!$C$2:$FB$69,53,FALSE) -> Tottenham | R59: =VLOOKUP($R$2,Form_PrimeiraFase!$C$2:$FB$69,53,FALSE) -> Tottenham | S59: =VLOOKUP($S$2,Form_PrimeiraFase!$C$2:$FB$69,53,FALSE) -> Tottenham | T59: =VLOOKUP($T$2,Form_PrimeiraFase!$C$2:$FB$69,53,FALSE) -> Monaco | U59: =VLOOKUP($U$2,Form_PrimeiraFase!$C$2:$FB$69,53,FALSE) -> Monaco | V59: =VLOOKUP($V$2,Form_PrimeiraFase!$C$2:$FB$69,53,FALSE) -> Tottenham | W59: =VLOOKUP($W$2,Form_PrimeiraFase!$C$2:$FB$69,53,FALSE) -> Tottenham | X59: =COUNTIF($C59:$W59,J59) -> 5 | Y59: =COUNTIF($C59:$W59,K59) -> 14 | Z59: =COUNTIF($C59:$W59,R59) -> 14 | AA59: =COUNTIF($C59:$W59,D59) -> 14 | AB59: =COUNTIF($C59:$W59,N59) -> 14 | AC59: =COUNTIF($C59:$W59,O59) -> 2 | AD59: =COUNTIF($C59:$W59,G59) -> 14 | AE59: =COUNTIF($C59:$W59,F59) -> 14 | AF59: =COUNTIF($C59:$W59,E59) -> 14 | AG59: =COUNTIF($C59:$W59,S59) -> 14 | AH59: =COUNTIF($C59:$W59,C59) -> 5 | AI59: =COUNTIF($C59:$W59,P59) -> 14 | AJ59: =COUNTIF($C59:$W59,M59) -> 5 | AK59: =COUNTIF($C59:$W59,I59) -> 14 | AL59: =COUNTIF($C59:$W59,Q59) -> 14 | AM59: =COUNTIF($C59:$W59,L59) -> 2 | AN59: =COUNTIF($C59:$W59,H59) -> 14 | AO59: =COUNTIF($C59:$W59,T59) -> 5 | AP59: =COUNTIF($C59:$W59,U59) -> 5 | AQ59: =COUNTIF($C59:$W59,V59) -> 14 | AR59: =COUNTIF($C59:$W59,W59) -> 14
A60: Machtday 3 | B60: Real Madrid | C60: =VLOOKUP($C$2,Form_PrimeiraFase!$C$2:$FB$69,54,FALSE) -> Real Madrid | D60: =VLOOKUP($D$2,Form_PrimeiraFase!$C$2:$FB$69,54,FALSE) -> Real Madrid | E60: =VLOOKUP($E$2,Form_PrimeiraFase!$C$2:$FB$69,54,FALSE) -> Real Madrid | F60: =VLOOKUP($F$2,Form_PrimeiraFase!$C$2:$FB$69,54,FALSE) -> Real Madrid | G60: =VLOOKUP($G$2,Form_PrimeiraFase!$C$2:$FB$69,54,FALSE) -> Real Madrid | H60: =VLOOKUP($H$2,Form_PrimeiraFase!$C$2:$FB$69,54,FALSE) -> Real Madrid | I60: =VLOOKUP($I$2,Form_PrimeiraFase!$C$2:$FB$69,54,FALSE) -> Real Madrid | J60: =VLOOKUP($J$2,Form_PrimeiraFase!$C$2:$FB$69,54,FALSE) -> Real Madrid | K60: =VLOOKUP($K$2,Form_PrimeiraFase!$C$2:$FB$69,54,FALSE) -> Real Madrid | L60: =VLOOKUP($L$2,Form_PrimeiraFase!$C$2:$FB$69,54,FALSE) -> Empate | M60: =VLOOKUP($M$2,Form_PrimeiraFase!$C$2:$FB$69,54,FALSE) -> Empate | N60: =VLOOKUP($N$2,Form_PrimeiraFase!$C$2:$FB$69,54,FALSE) -> Real Madrid | O60: =VLOOKUP($O$2,Form_PrimeiraFase!$C$2:$FB$69,54,FALSE) -> Real Madrid | P60: =VLOOKUP($P$2,Form_PrimeiraFase!$C$2:$FB$69,54,FALSE) -> Real Madrid | Q60: =VLOOKUP($Q$2,Form_PrimeiraFase!$C$2:$FB$69,54,FALSE) -> Empate | R60: =VLOOKUP($R$2,Form_PrimeiraFase!$C$2:$FB$69,54,FALSE) -> Real Madrid | S60: =VLOOKUP($S$2,Form_PrimeiraFase!$C$2:$FB$69,54,FALSE) -> Real Madrid | T60: =VLOOKUP($T$2,Form_PrimeiraFase!$C$2:$FB$69,54,FALSE) -> Real Madrid | U60: =VLOOKUP($U$2,Form_PrimeiraFase!$C$2:$FB$69,54,FALSE) -> Real Madrid | V60: =VLOOKUP($V$2,Form_PrimeiraFase!$C$2:$FB$69,54,FALSE) -> Real Madrid | W60: =VLOOKUP($W$2,Form_PrimeiraFase!$C$2:$FB$69,54,FALSE) -> Real Madrid | X60: =COUNTIF($C60:$W60,J60) -> 18 | Y60: =COUNTIF($C60:$W60,K60) -> 18 | Z60: =COUNTIF($C60:$W60,R60) -> 18 | AA60: =COUNTIF($C60:$W60,D60) -> 18 | AB60: =COUNTIF($C60:$W60,N60) -> 18 | AC60: =COUNTIF($C60:$W60,O60) -> 18 | AD60: =COUNTIF($C60:$W60,G60) -> 18 | AE60: =COUNTIF($C60:$W60,F60) -> 18 | AF60: =COUNTIF($C60:$W60,E60) -> 18 | AG60: =COUNTIF($C60:$W60,S60) -> 18 | AH60: =COUNTIF($C60:$W60,C60) -> 18 | AI60: =COUNTIF($C60:$W60,P60) -> 18 | AJ60: =COUNTIF($C60:$W60,M60) -> 3 | AK60: =COUNTIF($C60:$W60,I60) -> 18 | AL60: =COUNTIF($C60:$W60,Q60) -> 3 | AM60: =COUNTIF($C60:$W60,L60) -> 3 | AN60: =COUNTIF($C60:$W60,H60) -> 18 | AO60: =COUNTIF($C60:$W60,T60) -> 18 | AP60: =COUNTIF($C60:$W60,U60) -> 18 | AQ60: =COUNTIF($C60:$W60,V60) -> 18 | AR60: =COUNTIF($C60:$W60,W60) -> 18
A61: Machtday 3 | B61: Bayern de Munique | C61: =VLOOKUP($C$2,Form_PrimeiraFase!$C$2:$FB$69,55,FALSE) -> Bayern de Munique | D61: =VLOOKUP($D$2,Form_PrimeiraFase!$C$2:$FB$69,55,FALSE) -> Bayern de Munique | E61: =VLOOKUP($E$2,Form_PrimeiraFase!$C$2:$FB$69,55,FALSE) -> Bayern de Munique | F61: =VLOOKUP($F$2,Form_PrimeiraFase!$C$2:$FB$69,55,FALSE) -> Bayern de Munique | G61: =VLOOKUP($G$2,Form_PrimeiraFase!$C$2:$FB$69,55,FALSE) -> Bayern de Munique | H61: =VLOOKUP($H$2,Form_PrimeiraFase!$C$2:$FB$69,55,FALSE) -> Bayern de Munique | I61: =VLOOKUP($I$2,Form_PrimeiraFase!$C$2:$FB$69,55,FALSE) -> Bayern de Munique | J61: =VLOOKUP($J$2,Form_PrimeiraFase!$C$2:$FB$69,55,FALSE) -> Bayern de Munique | K61: =VLOOKUP($K$2,Form_PrimeiraFase!$C$2:$FB$69,55,FALSE) -> Bayern de Munique | L61: =VLOOKUP($L$2,Form_PrimeiraFase!$C$2:$FB$69,55,FALSE) -> Bayern de Munique | M61: =VLOOKUP($M$2,Form_PrimeiraFase!$C$2:$FB$69,55,FALSE) -> Bayern de Munique | N61: =VLOOKUP($N$2,Form_PrimeiraFase!$C$2:$FB$69,55,FALSE) -> Bayern de Munique | O61: =VLOOKUP($O$2,Form_PrimeiraFase!$C$2:$FB$69,55,FALSE) -> Empate | P61: =VLOOKUP($P$2,Form_PrimeiraFase!$C$2:$FB$69,55,FALSE) -> Bayern de Munique | Q61: =VLOOKUP($Q$2,Form_PrimeiraFase!$C$2:$FB$69,55,FALSE) -> Bayern de Munique | R61: =VLOOKUP($R$2,Form_PrimeiraFase!$C$2:$FB$69,55,FALSE) -> Bayern de Munique | S61: =VLOOKUP($S$2,Form_PrimeiraFase!$C$2:$FB$69,55,FALSE) -> Bayern de Munique | T61: =VLOOKUP($T$2,Form_PrimeiraFase!$C$2:$FB$69,55,FALSE) -> Bayern de Munique | U61: =VLOOKUP($U$2,Form_PrimeiraFase!$C$2:$FB$69,55,FALSE) -> Bayern de Munique | V61: =VLOOKUP($V$2,Form_PrimeiraFase!$C$2:$FB$69,55,FALSE) -> Bayern de Munique | W61: =VLOOKUP($W$2,Form_PrimeiraFase!$C$2:$FB$69,55,FALSE) -> Bayern de Munique | X61: =COUNTIF($C61:$W61,J61) -> 20 | Y61: =COUNTIF($C61:$W61,K61) -> 20 | Z61: =COUNTIF($C61:$W61,R61) -> 20 | AA61: =COUNTIF($C61:$W61,D61) -> 20 | AB61: =COUNTIF($C61:$W61,N61) -> 20 | AC61: =COUNTIF($C61:$W61,O61) -> 1 | AD61: =COUNTIF($C61:$W61,G61) -> 20 | AE61: =COUNTIF($C61:$W61,F61) -> 20 | AF61: =COUNTIF($C61:$W61,E61) -> 20 | AG61: =COUNTIF($C61:$W61,S61) -> 20 | AH61: =COUNTIF($C61:$W61,C61) -> 20 | AI61: =COUNTIF($C61:$W61,P61) -> 20 | AJ61: =COUNTIF($C61:$W61,M61) -> 20 | AK61: =COUNTIF($C61:$W61,I61) -> 20 | AL61: =COUNTIF($C61:$W61,Q61) -> 20 | AM61: =COUNTIF($C61:$W61,L61) -> 20 | AN61: =COUNTIF($C61:$W61,H61) -> 20 | AO61: =COUNTIF($C61:$W61,T61) -> 20 | AP61: =COUNTIF($C61:$W61,U61) -> 20 | AQ61: =COUNTIF($C61:$W61,V61) -> 20 | AR61: =COUNTIF($C61:$W61,W61) -> 20
A62: Machtday 4 | B62: Empate | C62: =VLOOKUP($C$2,Form_PrimeiraFase!$C$2:$FB$69,56,FALSE) -> Napoli | D62: =VLOOKUP($D$2,Form_PrimeiraFase!$C$2:$FB$69,56,FALSE) -> Napoli | E62: =VLOOKUP($E$2,Form_PrimeiraFase!$C$2:$FB$69,56,FALSE) -> Napoli | F62: =VLOOKUP($F$2,Form_PrimeiraFase!$C$2:$FB$69,56,FALSE) -> Napoli | G62: =VLOOKUP($G$2,Form_PrimeiraFase!$C$2:$FB$69,56,FALSE) -> Napoli | H62: =VLOOKUP($H$2,Form_PrimeiraFase!$C$2:$FB$69,56,FALSE) -> Napoli | I62: =VLOOKUP($I$2,Form_PrimeiraFase!$C$2:$FB$69,56,FALSE) -> Napoli | J62: =VLOOKUP($J$2,Form_PrimeiraFase!$C$2:$FB$69,56,FALSE) -> Napoli | K62: =VLOOKUP($K$2,Form_PrimeiraFase!$C$2:$FB$69,56,FALSE) -> Napoli | L62: =VLOOKUP($L$2,Form_PrimeiraFase!$C$2:$FB$69,56,FALSE) -> Napoli | M62: =VLOOKUP($M$2,Form_PrimeiraFase!$C$2:$FB$69,56,FALSE) -> Napoli | N62: =VLOOKUP($N$2,Form_PrimeiraFase!$C$2:$FB$69,56,FALSE) -> Napoli | O62: =VLOOKUP($O$2,Form_PrimeiraFase!$C$2:$FB$69,56,FALSE) -> Napoli | P62: =VLOOKUP($P$2,Form_PrimeiraFase!$C$2:$FB$69,56,FALSE) -> Napoli | Q62: =VLOOKUP($Q$2,Form_PrimeiraFase!$C$2:$FB$69,56,FALSE) -> Napoli | R62: =VLOOKUP($R$2,Form_PrimeiraFase!$C$2:$FB$69,56,FALSE) -> Napoli | S62: =VLOOKUP($S$2,Form_PrimeiraFase!$C$2:$FB$69,56,FALSE) -> Napoli | T62: =VLOOKUP($T$2,Form_PrimeiraFase!$C$2:$FB$69,56,FALSE) -> Napoli | U62: =VLOOKUP($U$2,Form_PrimeiraFase!$C$2:$FB$69,56,FALSE) -> Napoli | V62: =VLOOKUP($V$2,Form_PrimeiraFase!$C$2:$FB$69,56,FALSE) -> Napoli | W62: =VLOOKUP($W$2,Form_PrimeiraFase!$C$2:$FB$69,56,FALSE) -> Napoli | X62: =COUNTIF($C62:$W62,J62) -> 21 | Y62: =COUNTIF($C62:$W62,K62) -> 21 | Z62: =COUNTIF($C62:$W62,R62) -> 21 | AA62: =COUNTIF($C62:$W62,D62) -> 21 | AB62: =COUNTIF($C62:$W62,N62) -> 21 | AC62: =COUNTIF($C62:$W62,O62) -> 21 | AD62: =COUNTIF($C62:$W62,G62) -> 21 | AE62: =COUNTIF($C62:$W62,F62) -> 21 | AF62: =COUNTIF($C62:$W62,E62) -> 21 | AG62: =COUNTIF($C62:$W62,S62) -> 21 | AH62: =COUNTIF($C62:$W62,C62) -> 21 | AI62: =COUNTIF($C62:$W62,P62) -> 21 | AJ62: =COUNTIF($C62:$W62,M62) -> 21 | AK62: =COUNTIF($C62:$W62,I62) -> 21 | AL62: =COUNTIF($C62:$W62,Q62) -> 21 | AM62: =COUNTIF($C62:$W62,L62) -> 21 | AN62: =COUNTIF($C62:$W62,H62) -> 21 | AO62: =COUNTIF($C62:$W62,T62) -> 21 | AP62: =COUNTIF($C62:$W62,U62) -> 21 | AQ62: =COUNTIF($C62:$W62,V62) -> 21 | AR62: =COUNTIF($C62:$W62,W62) -> 21
